time_id,full_date,year,quarter,month,month_name,week_of_year,day_of_week,day_name,is_weekend,year_month,is_rainy_season,is_dengue_peak,is_school_holiday,is_ramadan,is_lebaran
1,2022-01-01,2022,1,1,January,52,5,Saturday,True,2022-01,True,True,True,False,False
2,2022-01-02,2022,1,1,January,52,6,Sunday,True,2022-01,True,True,True,False,False
3,2022-01-03,2022,1,1,January,1,0,Monday,False,2022-01,True,True,True,False,False
4,2022-01-04,2022,1,1,January,1,1,Tuesday,False,2022-01,True,True,True,False,False
5,2022-01-05,2022,1,1,January,1,2,Wednesday,False,2022-01,True,True,True,False,False
6,2022-01-06,2022,1,1,January,1,3,Thursday,False,2022-01,True,True,True,False,False
7,2022-01-07,2022,1,1,January,1,4,Friday,False,2022-01,True,True,True,False,False
8,2022-01-08,2022,1,1,January,1,5,Saturday,True,2022-01,True,True,True,False,False
9,2022-01-09,2022,1,1,January,1,6,Sunday,True,2022-01,True,True,True,False,False
10,2022-01-10,2022,1,1,January,2,0,Monday,False,2022-01,True,True,True,False,False
11,2022-01-11,2022,1,1,January,2,1,Tuesday,False,2022-01,True,True,True,False,False
12,2022-01-12,2022,1,1,January,2,2,Wednesday,False,2022-01,True,True,True,False,False
13,2022-01-13,2022,1,1,January,2,3,Thursday,False,2022-01,True,True,True,False,False
14,2022-01-14,2022,1,1,January,2,4,Friday,False,2022-01,True,True,True,False,False
15,2022-01-15,2022,1,1,January,2,5,Saturday,True,2022-01,True,True,True,False,False
16,2022-01-16,2022,1,1,January,2,6,Sunday,True,2022-01,True,True,True,False,False
17,2022-01-17,2022,1,1,January,3,0,Monday,False,2022-01,True,True,True,False,False
18,2022-01-18,2022,1,1,January,3,1,Tuesday,False,2022-01,True,True,True,False,False
19,2022-01-19,2022,1,1,January,3,2,Wednesday,False,2022-01,True,True,True,False,False
20,2022-01-20,2022,1,1,January,3,3,Thursday,False,2022-01,True,True,True,False,False
21,2022-01-21,2022,1,1,January,3,4,Friday,False,2022-01,True,True,True,False,False
22,2022-01-22,2022,1,1,January,3,5,Saturday,True,2022-01,True,True,True,False,False
23,2022-01-23,2022,1,1,January,3,6,Sunday,True,2022-01,True,True,True,False,False
24,2022-01-24,2022,1,1,January,4,0,Monday,False,2022-01,True,True,True,False,False
25,2022-01-25,2022,1,1,January,4,1,Tuesday,False,2022-01,True,True,True,False,False
26,2022-01-26,2022,1,1,January,4,2,Wednesday,False,2022-01,True,True,True,False,False
27,2022-01-27,2022,1,1,January,4,3,Thursday,False,2022-01,True,True,True,False,False
28,2022-01-28,2022,1,1,January,4,4,Friday,False,2022-01,True,True,True,False,False
29,2022-01-29,2022,1,1,January,4,5,Saturday,True,2022-01,True,True,True,False,False
30,2022-01-30,2022,1,1,January,4,6,Sunday,True,2022-01,True,True,True,False,False
31,2022-01-31,2022,1,1,January,5,0,Monday,False,2022-01,True,True,True,False,False
32,2022-02-01,2022,1,2,February,5,1,Tuesday,False,2022-02,True,True,False,False,False
33,2022-02-02,2022,1,2,February,5,2,Wednesday,False,2022-02,True,True,False,False,False
34,2022-02-03,2022,1,2,February,5,3,Thursday,False,2022-02,True,True,False,False,False
35,2022-02-04,2022,1,2,February,5,4,Friday,False,2022-02,True,True,False,False,False
36,2022-02-05,2022,1,2,February,5,5,Saturday,True,2022-02,True,True,False,False,False
37,2022-02-06,2022,1,2,February,5,6,Sunday,True,2022-02,True,True,False,False,False
38,2022-02-07,2022,1,2,February,6,0,Monday,False,2022-02,True,True,False,False,False
39,2022-02-08,2022,1,2,February,6,1,Tuesday,False,2022-02,True,True,False,False,False
40,2022-02-09,2022,1,2,February,6,2,Wednesday,False,2022-02,True,True,False,False,False
41,2022-02-10,2022,1,2,February,6,3,Thursday,False,2022-02,True,True,False,False,False
42,2022-02-11,2022,1,2,February,6,4,Friday,False,2022-02,True,True,False,False,False
43,2022-02-12,2022,1,2,February,6,5,Saturday,True,2022-02,True,True,False,False,False
44,2022-02-13,2022,1,2,February,6,6,Sunday,True,2022-02,True,True,False,False,False
45,2022-02-14,2022,1,2,February,7,0,Monday,False,2022-02,True,True,False,False,False
46,2022-02-15,2022,1,2,February,7,1,Tuesday,False,2022-02,True,True,False,False,False
47,2022-02-16,2022,1,2,February,7,2,Wednesday,False,2022-02,True,True,False,False,False
48,2022-02-17,2022,1,2,February,7,3,Thursday,False,2022-02,True,True,False,False,False
49,2022-02-18,2022,1,2,February,7,4,Friday,False,2022-02,True,True,False,False,False
50,2022-02-19,2022,1,2,February,7,5,Saturday,True,2022-02,True,True,False,False,False
51,2022-02-20,2022,1,2,February,7,6,Sunday,True,2022-02,True,True,False,False,False
52,2022-02-21,2022,1,2,February,8,0,Monday,False,2022-02,True,True,False,False,False
53,2022-02-22,2022,1,2,February,8,1,Tuesday,False,2022-02,True,True,False,False,False
54,2022-02-23,2022,1,2,February,8,2,Wednesday,False,2022-02,True,True,False,False,False
55,2022-02-24,2022,1,2,February,8,3,Thursday,False,2022-02,True,True,False,False,False
56,2022-02-25,2022,1,2,February,8,4,Friday,False,2022-02,True,True,False,False,False
57,2022-02-26,2022,1,2,February,8,5,Saturday,True,2022-02,True,True,False,False,False
58,2022-02-27,2022,1,2,February,8,6,Sunday,True,2022-02,True,True,False,False,False
59,2022-02-28,2022,1,2,February,9,0,Monday,False,2022-02,True,True,False,False,False
60,2022-03-01,2022,1,3,March,9,1,Tuesday,False,2022-03,True,True,False,False,False
61,2022-03-02,2022,1,3,March,9,2,Wednesday,False,2022-03,True,True,False,False,False
62,2022-03-03,2022,1,3,March,9,3,Thursday,False,2022-03,True,True,False,False,False
63,2022-03-04,2022,1,3,March,9,4,Friday,False,2022-03,True,True,False,False,False
64,2022-03-05,2022,1,3,March,9,5,Saturday,True,2022-03,True,True,False,False,False
65,2022-03-06,2022,1,3,March,9,6,Sunday,True,2022-03,True,True,False,False,False
66,2022-03-07,2022,1,3,March,10,0,Monday,False,2022-03,True,True,False,False,False
67,2022-03-08,2022,1,3,March,10,1,Tuesday,False,2022-03,True,True,False,False,False
68,2022-03-09,2022,1,3,March,10,2,Wednesday,False,2022-03,True,True,False,False,False
69,2022-03-10,2022,1,3,March,10,3,Thursday,False,2022-03,True,True,False,False,False
70,2022-03-11,2022,1,3,March,10,4,Friday,False,2022-03,True,True,False,False,False
71,2022-03-12,2022,1,3,March,10,5,Saturday,True,2022-03,True,True,False,False,False
72,2022-03-13,2022,1,3,March,10,6,Sunday,True,2022-03,True,True,False,False,False
73,2022-03-14,2022,1,3,March,11,0,Monday,False,2022-03,True,True,False,False,False
74,2022-03-15,2022,1,3,March,11,1,Tuesday,False,2022-03,True,True,False,False,False
75,2022-03-16,2022,1,3,March,11,2,Wednesday,False,2022-03,True,True,False,False,False
76,2022-03-17,2022,1,3,March,11,3,Thursday,False,2022-03,True,True,False,False,False
77,2022-03-18,2022,1,3,March,11,4,Friday,False,2022-03,True,True,False,False,False
78,2022-03-19,2022,1,3,March,11,5,Saturday,True,2022-03,True,True,False,False,False
79,2022-03-20,2022,1,3,March,11,6,Sunday,True,2022-03,True,True,False,False,False
80,2022-03-21,2022,1,3,March,12,0,Monday,False,2022-03,True,True,False,False,False
81,2022-03-22,2022,1,3,March,12,1,Tuesday,False,2022-03,True,True,False,False,False
82,2022-03-23,2022,1,3,March,12,2,Wednesday,False,2022-03,True,True,False,False,False
83,2022-03-24,2022,1,3,March,12,3,Thursday,False,2022-03,True,True,False,False,False
84,2022-03-25,2022,1,3,March,12,4,Friday,False,2022-03,True,True,False,False,False
85,2022-03-26,2022,1,3,March,12,5,Saturday,True,2022-03,True,True,False,False,False
86,2022-03-27,2022,1,3,March,12,6,Sunday,True,2022-03,True,True,False,False,False
87,2022-03-28,2022,1,3,March,13,0,Monday,False,2022-03,True,True,False,False,False
88,2022-03-29,2022,1,3,March,13,1,Tuesday,False,2022-03,True,True,False,False,False
89,2022-03-30,2022,1,3,March,13,2,Wednesday,False,2022-03,True,True,False,False,False
90,2022-03-31,2022,1,3,March,13,3,Thursday,False,2022-03,True,True,False,False,False
91,2022-04-01,2022,2,4,April,13,4,Friday,False,2022-04,False,False,False,True,False
92,2022-04-02,2022,2,4,April,13,5,Saturday,True,2022-04,False,False,False,True,False
93,2022-04-03,2022,2,4,April,13,6,Sunday,True,2022-04,False,False,False,True,False
94,2022-04-04,2022,2,4,April,14,0,Monday,False,2022-04,False,False,False,True,False
95,2022-04-05,2022,2,4,April,14,1,Tuesday,False,2022-04,False,False,False,True,False
96,2022-04-06,2022,2,4,April,14,2,Wednesday,False,2022-04,False,False,False,True,False
97,2022-04-07,2022,2,4,April,14,3,Thursday,False,2022-04,False,False,False,True,False
98,2022-04-08,2022,2,4,April,14,4,Friday,False,2022-04,False,False,False,True,False
99,2022-04-09,2022,2,4,April,14,5,Saturday,True,2022-04,False,False,False,True,False
100,2022-04-10,2022,2,4,April,14,6,Sunday,True,2022-04,False,False,False,True,False
101,2022-04-11,2022,2,4,April,15,0,Monday,False,2022-04,False,False,False,True,False
102,2022-04-12,2022,2,4,April,15,1,Tuesday,False,2022-04,False,False,False,True,False
103,2022-04-13,2022,2,4,April,15,2,Wednesday,False,2022-04,False,False,False,True,False
104,2022-04-14,2022,2,4,April,15,3,Thursday,False,2022-04,False,False,False,True,False
105,2022-04-15,2022,2,4,April,15,4,Friday,False,2022-04,False,False,False,True,False
106,2022-04-16,2022,2,4,April,15,5,Saturday,True,2022-04,False,False,False,True,False
107,2022-04-17,2022,2,4,April,15,6,Sunday,True,2022-04,False,False,False,True,False
108,2022-04-18,2022,2,4,April,16,0,Monday,False,2022-04,False,False,False,True,False
109,2022-04-19,2022,2,4,April,16,1,Tuesday,False,2022-04,False,False,False,True,False
110,2022-04-20,2022,2,4,April,16,2,Wednesday,False,2022-04,False,False,False,True,False
111,2022-04-21,2022,2,4,April,16,3,Thursday,False,2022-04,False,False,False,True,False
112,2022-04-22,2022,2,4,April,16,4,Friday,False,2022-04,False,False,False,True,False
113,2022-04-23,2022,2,4,April,16,5,Saturday,True,2022-04,False,False,False,True,False
114,2022-04-24,2022,2,4,April,16,6,Sunday,True,2022-04,False,False,False,True,False
115,2022-04-25,2022,2,4,April,17,0,Monday,False,2022-04,False,False,False,True,False
116,2022-04-26,2022,2,4,April,17,1,Tuesday,False,2022-04,False,False,False,True,False
117,2022-04-27,2022,2,4,April,17,2,Wednesday,False,2022-04,False,False,False,True,False
118,2022-04-28,2022,2,4,April,17,3,Thursday,False,2022-04,False,False,False,True,False
119,2022-04-29,2022,2,4,April,17,4,Friday,False,2022-04,False,False,False,True,False
120,2022-04-30,2022,2,4,April,17,5,Saturday,True,2022-04,False,False,False,True,False
121,2022-05-01,2022,2,5,May,17,6,Sunday,True,2022-05,False,False,False,False,True
122,2022-05-02,2022,2,5,May,18,0,Monday,False,2022-05,False,False,False,False,True
123,2022-05-03,2022,2,5,May,18,1,Tuesday,False,2022-05,False,False,False,False,True
124,2022-05-04,2022,2,5,May,18,2,Wednesday,False,2022-05,False,False,False,False,True
125,2022-05-05,2022,2,5,May,18,3,Thursday,False,2022-05,False,False,False,False,True
126,2022-05-06,2022,2,5,May,18,4,Friday,False,2022-05,False,False,False,False,True
127,2022-05-07,2022,2,5,May,18,5,Saturday,True,2022-05,False,False,False,False,True
128,2022-05-08,2022,2,5,May,18,6,Sunday,True,2022-05,False,False,False,False,True
129,2022-05-09,2022,2,5,May,19,0,Monday,False,2022-05,False,False,False,False,True
130,2022-05-10,2022,2,5,May,19,1,Tuesday,False,2022-05,False,False,False,False,True
131,2022-05-11,2022,2,5,May,19,2,Wednesday,False,2022-05,False,False,False,False,True
132,2022-05-12,2022,2,5,May,19,3,Thursday,False,2022-05,False,False,False,False,True
133,2022-05-13,2022,2,5,May,19,4,Friday,False,2022-05,False,False,False,False,True
134,2022-05-14,2022,2,5,May,19,5,Saturday,True,2022-05,False,False,False,False,True
135,2022-05-15,2022,2,5,May,19,6,Sunday,True,2022-05,False,False,False,False,True
136,2022-05-16,2022,2,5,May,20,0,Monday,False,2022-05,False,False,False,False,True
137,2022-05-17,2022,2,5,May,20,1,Tuesday,False,2022-05,False,False,False,False,True
138,2022-05-18,2022,2,5,May,20,2,Wednesday,False,2022-05,False,False,False,False,True
139,2022-05-19,2022,2,5,May,20,3,Thursday,False,2022-05,False,False,False,False,True
140,2022-05-20,2022,2,5,May,20,4,Friday,False,2022-05,False,False,False,False,True
141,2022-05-21,2022,2,5,May,20,5,Saturday,True,2022-05,False,False,False,False,True
142,2022-05-22,2022,2,5,May,20,6,Sunday,True,2022-05,False,False,False,False,True
143,2022-05-23,2022,2,5,May,21,0,Monday,False,2022-05,False,False,False,False,True
144,2022-05-24,2022,2,5,May,21,1,Tuesday,False,2022-05,False,False,False,False,True
145,2022-05-25,2022,2,5,May,21,2,Wednesday,False,2022-05,False,False,False,False,True
146,2022-05-26,2022,2,5,May,21,3,Thursday,False,2022-05,False,False,False,False,True
147,2022-05-27,2022,2,5,May,21,4,Friday,False,2022-05,False,False,False,False,True
148,2022-05-28,2022,2,5,May,21,5,Saturday,True,2022-05,False,False,False,False,True
149,2022-05-29,2022,2,5,May,21,6,Sunday,True,2022-05,False,False,False,False,True
150,2022-05-30,2022,2,5,May,22,0,Monday,False,2022-05,False,False,False,False,True
151,2022-05-31,2022,2,5,May,22,1,Tuesday,False,2022-05,False,False,False,False,True
152,2022-06-01,2022,2,6,June,22,2,Wednesday,False,2022-06,False,False,True,False,False
153,2022-06-02,2022,2,6,June,22,3,Thursday,False,2022-06,False,False,True,False,False
154,2022-06-03,2022,2,6,June,22,4,Friday,False,2022-06,False,False,True,False,False
155,2022-06-04,2022,2,6,June,22,5,Saturday,True,2022-06,False,False,True,False,False
156,2022-06-05,2022,2,6,June,22,6,Sunday,True,2022-06,False,False,True,False,False
157,2022-06-06,2022,2,6,June,23,0,Monday,False,2022-06,False,False,True,False,False
158,2022-06-07,2022,2,6,June,23,1,Tuesday,False,2022-06,False,False,True,False,False
159,2022-06-08,2022,2,6,June,23,2,Wednesday,False,2022-06,False,False,True,False,False
160,2022-06-09,2022,2,6,June,23,3,Thursday,False,2022-06,False,False,True,False,False
161,2022-06-10,2022,2,6,June,23,4,Friday,False,2022-06,False,False,True,False,False
162,2022-06-11,2022,2,6,June,23,5,Saturday,True,2022-06,False,False,True,False,False
163,2022-06-12,2022,2,6,June,23,6,Sunday,True,2022-06,False,False,True,False,False
164,2022-06-13,2022,2,6,June,24,0,Monday,False,2022-06,False,False,True,False,False
165,2022-06-14,2022,2,6,June,24,1,Tuesday,False,2022-06,False,False,True,False,False
166,2022-06-15,2022,2,6,June,24,2,Wednesday,False,2022-06,False,False,True,False,False
167,2022-06-16,2022,2,6,June,24,3,Thursday,False,2022-06,False,False,True,False,False
168,2022-06-17,2022,2,6,June,24,4,Friday,False,2022-06,False,False,True,False,False
169,2022-06-18,2022,2,6,June,24,5,Saturday,True,2022-06,False,False,True,False,False
170,2022-06-19,2022,2,6,June,24,6,Sunday,True,2022-06,False,False,True,False,False
171,2022-06-20,2022,2,6,June,25,0,Monday,False,2022-06,False,False,True,False,False
172,2022-06-21,2022,2,6,June,25,1,Tuesday,False,2022-06,False,False,True,False,False
173,2022-06-22,2022,2,6,June,25,2,Wednesday,False,2022-06,False,False,True,False,False
174,2022-06-23,2022,2,6,June,25,3,Thursday,False,2022-06,False,False,True,False,False
175,2022-06-24,2022,2,6,June,25,4,Friday,False,2022-06,False,False,True,False,False
176,2022-06-25,2022,2,6,June,25,5,Saturday,True,2022-06,False,False,True,False,False
177,2022-06-26,2022,2,6,June,25,6,Sunday,True,2022-06,False,False,True,False,False
178,2022-06-27,2022,2,6,June,26,0,Monday,False,2022-06,False,False,True,False,False
179,2022-06-28,2022,2,6,June,26,1,Tuesday,False,2022-06,False,False,True,False,False
180,2022-06-29,2022,2,6,June,26,2,Wednesday,False,2022-06,False,False,True,False,False
181,2022-06-30,2022,2,6,June,26,3,Thursday,False,2022-06,False,False,True,False,False
182,2022-07-01,2022,3,7,July,26,4,Friday,False,2022-07,False,False,True,False,False
183,2022-07-02,2022,3,7,July,26,5,Saturday,True,2022-07,False,False,True,False,False
184,2022-07-03,2022,3,7,July,26,6,Sunday,True,2022-07,False,False,True,False,False
185,2022-07-04,2022,3,7,July,27,0,Monday,False,2022-07,False,False,True,False,False
186,2022-07-05,2022,3,7,July,27,1,Tuesday,False,2022-07,False,False,True,False,False
187,2022-07-06,2022,3,7,July,27,2,Wednesday,False,2022-07,False,False,True,False,False
188,2022-07-07,2022,3,7,July,27,3,Thursday,False,2022-07,False,False,True,False,False
189,2022-07-08,2022,3,7,July,27,4,Friday,False,2022-07,False,False,True,False,False
190,2022-07-09,2022,3,7,July,27,5,Saturday,True,2022-07,False,False,True,False,False
191,2022-07-10,2022,3,7,July,27,6,Sunday,True,2022-07,False,False,True,False,False
192,2022-07-11,2022,3,7,July,28,0,Monday,False,2022-07,False,False,True,False,False
193,2022-07-12,2022,3,7,July,28,1,Tuesday,False,2022-07,False,False,True,False,False
194,2022-07-13,2022,3,7,July,28,2,Wednesday,False,2022-07,False,False,True,False,False
195,2022-07-14,2022,3,7,July,28,3,Thursday,False,2022-07,False,False,True,False,False
196,2022-07-15,2022,3,7,July,28,4,Friday,False,2022-07,False,False,True,False,False
197,2022-07-16,2022,3,7,July,28,5,Saturday,True,2022-07,False,False,True,False,False
198,2022-07-17,2022,3,7,July,28,6,Sunday,True,2022-07,False,False,True,False,False
199,2022-07-18,2022,3,7,July,29,0,Monday,False,2022-07,False,False,True,False,False
200,2022-07-19,2022,3,7,July,29,1,Tuesday,False,2022-07,False,False,True,False,False
201,2022-07-20,2022,3,7,July,29,2,Wednesday,False,2022-07,False,False,True,False,False
202,2022-07-21,2022,3,7,July,29,3,Thursday,False,2022-07,False,False,True,False,False
203,2022-07-22,2022,3,7,July,29,4,Friday,False,2022-07,False,False,True,False,False
204,2022-07-23,2022,3,7,July,29,5,Saturday,True,2022-07,False,False,True,False,False
205,2022-07-24,2022,3,7,July,29,6,Sunday,True,2022-07,False,False,True,False,False
206,2022-07-25,2022,3,7,July,30,0,Monday,False,2022-07,False,False,True,False,False
207,2022-07-26,2022,3,7,July,30,1,Tuesday,False,2022-07,False,False,True,False,False
208,2022-07-27,2022,3,7,July,30,2,Wednesday,False,2022-07,False,False,True,False,False
209,2022-07-28,2022,3,7,July,30,3,Thursday,False,2022-07,False,False,True,False,False
210,2022-07-29,2022,3,7,July,30,4,Friday,False,2022-07,False,False,True,False,False
211,2022-07-30,2022,3,7,July,30,5,Saturday,True,2022-07,False,False,True,False,False
212,2022-07-31,2022,3,7,July,30,6,Sunday,True,2022-07,False,False,True,False,False
213,2022-08-01,2022,3,8,August,31,0,Monday,False,2022-08,False,False,False,False,False
214,2022-08-02,2022,3,8,August,31,1,Tuesday,False,2022-08,False,False,False,False,False
215,2022-08-03,2022,3,8,August,31,2,Wednesday,False,2022-08,False,False,False,False,False
216,2022-08-04,2022,3,8,August,31,3,Thursday,False,2022-08,False,False,False,False,False
217,2022-08-05,2022,3,8,August,31,4,Friday,False,2022-08,False,False,False,False,False
218,2022-08-06,2022,3,8,August,31,5,Saturday,True,2022-08,False,False,False,False,False
219,2022-08-07,2022,3,8,August,31,6,Sunday,True,2022-08,False,False,False,False,False
220,2022-08-08,2022,3,8,August,32,0,Monday,False,2022-08,False,False,False,False,False
221,2022-08-09,2022,3,8,August,32,1,Tuesday,False,2022-08,False,False,False,False,False
222,2022-08-10,2022,3,8,August,32,2,Wednesday,False,2022-08,False,False,False,False,False
223,2022-08-11,2022,3,8,August,32,3,Thursday,False,2022-08,False,False,False,False,False
224,2022-08-12,2022,3,8,August,32,4,Friday,False,2022-08,False,False,False,False,False
225,2022-08-13,2022,3,8,August,32,5,Saturday,True,2022-08,False,False,False,False,False
226,2022-08-14,2022,3,8,August,32,6,Sunday,True,2022-08,False,False,False,False,False
227,2022-08-15,2022,3,8,August,33,0,Monday,False,2022-08,False,False,False,False,False
228,2022-08-16,2022,3,8,August,33,1,Tuesday,False,2022-08,False,False,False,False,False
229,2022-08-17,2022,3,8,August,33,2,Wednesday,False,2022-08,False,False,False,False,False
230,2022-08-18,2022,3,8,August,33,3,Thursday,False,2022-08,False,False,False,False,False
231,2022-08-19,2022,3,8,August,33,4,Friday,False,2022-08,False,False,False,False,False
232,2022-08-20,2022,3,8,August,33,5,Saturday,True,2022-08,False,False,False,False,False
233,2022-08-21,2022,3,8,August,33,6,Sunday,True,2022-08,False,False,False,False,False
234,2022-08-22,2022,3,8,August,34,0,Monday,False,2022-08,False,False,False,False,False
235,2022-08-23,2022,3,8,August,34,1,Tuesday,False,2022-08,False,False,False,False,False
236,2022-08-24,2022,3,8,August,34,2,Wednesday,False,2022-08,False,False,False,False,False
237,2022-08-25,2022,3,8,August,34,3,Thursday,False,2022-08,False,False,False,False,False
238,2022-08-26,2022,3,8,August,34,4,Friday,False,2022-08,False,False,False,False,False
239,2022-08-27,2022,3,8,August,34,5,Saturday,True,2022-08,False,False,False,False,False
240,2022-08-28,2022,3,8,August,34,6,Sunday,True,2022-08,False,False,False,False,False
241,2022-08-29,2022,3,8,August,35,0,Monday,False,2022-08,False,False,False,False,False
242,2022-08-30,2022,3,8,August,35,1,Tuesday,False,2022-08,False,False,False,False,False
243,2022-08-31,2022,3,8,August,35,2,Wednesday,False,2022-08,False,False,False,False,False
244,2022-09-01,2022,3,9,September,35,3,Thursday,False,2022-09,False,False,False,False,False
245,2022-09-02,2022,3,9,September,35,4,Friday,False,2022-09,False,False,False,False,False
246,2022-09-03,2022,3,9,September,35,5,Saturday,True,2022-09,False,False,False,False,False
247,2022-09-04,2022,3,9,September,35,6,Sunday,True,2022-09,False,False,False,False,False
248,2022-09-05,2022,3,9,September,36,0,Monday,False,2022-09,False,False,False,False,False
249,2022-09-06,2022,3,9,September,36,1,Tuesday,False,2022-09,False,False,False,False,False
250,2022-09-07,2022,3,9,September,36,2,Wednesday,False,2022-09,False,False,False,False,False
251,2022-09-08,2022,3,9,September,36,3,Thursday,False,2022-09,False,False,False,False,False
252,2022-09-09,2022,3,9,September,36,4,Friday,False,2022-09,False,False,False,False,False
253,2022-09-10,2022,3,9,September,36,5,Saturday,True,2022-09,False,False,False,False,False
254,2022-09-11,2022,3,9,September,36,6,Sunday,True,2022-09,False,False,False,False,False
255,2022-09-12,2022,3,9,September,37,0,Monday,False,2022-09,False,False,False,False,False
256,2022-09-13,2022,3,9,September,37,1,Tuesday,False,2022-09,False,False,False,False,False
257,2022-09-14,2022,3,9,September,37,2,Wednesday,False,2022-09,False,False,False,False,False
258,2022-09-15,2022,3,9,September,37,3,Thursday,False,2022-09,False,False,False,False,False
259,2022-09-16,2022,3,9,September,37,4,Friday,False,2022-09,False,False,False,False,False
260,2022-09-17,2022,3,9,September,37,5,Saturday,True,2022-09,False,False,False,False,False
261,2022-09-18,2022,3,9,September,37,6,Sunday,True,2022-09,False,False,False,False,False
262,2022-09-19,2022,3,9,September,38,0,Monday,False,2022-09,False,False,False,False,False
263,2022-09-20,2022,3,9,September,38,1,Tuesday,False,2022-09,False,False,False,False,False
264,2022-09-21,2022,3,9,September,38,2,Wednesday,False,2022-09,False,False,False,False,False
265,2022-09-22,2022,3,9,September,38,3,Thursday,False,2022-09,False,False,False,False,False
266,2022-09-23,2022,3,9,September,38,4,Friday,False,2022-09,False,False,False,False,False
267,2022-09-24,2022,3,9,September,38,5,Saturday,True,2022-09,False,False,False,False,False
268,2022-09-25,2022,3,9,September,38,6,Sunday,True,2022-09,False,False,False,False,False
269,2022-09-26,2022,3,9,September,39,0,Monday,False,2022-09,False,False,False,False,False
270,2022-09-27,2022,3,9,September,39,1,Tuesday,False,2022-09,False,False,False,False,False
271,2022-09-28,2022,3,9,September,39,2,Wednesday,False,2022-09,False,False,False,False,False
272,2022-09-29,2022,3,9,September,39,3,Thursday,False,2022-09,False,False,False,False,False
273,2022-09-30,2022,3,9,September,39,4,Friday,False,2022-09,False,False,False,False,False
274,2022-10-01,2022,4,10,October,39,5,Saturday,True,2022-10,True,False,False,False,False
275,2022-10-02,2022,4,10,October,39,6,Sunday,True,2022-10,True,False,False,False,False
276,2022-10-03,2022,4,10,October,40,0,Monday,False,2022-10,True,False,False,False,False
277,2022-10-04,2022,4,10,October,40,1,Tuesday,False,2022-10,True,False,False,False,False
278,2022-10-05,2022,4,10,October,40,2,Wednesday,False,2022-10,True,False,False,False,False
279,2022-10-06,2022,4,10,October,40,3,Thursday,False,2022-10,True,False,False,False,False
280,2022-10-07,2022,4,10,October,40,4,Friday,False,2022-10,True,False,False,False,False
281,2022-10-08,2022,4,10,October,40,5,Saturday,True,2022-10,True,False,False,False,False
282,2022-10-09,2022,4,10,October,40,6,Sunday,True,2022-10,True,False,False,False,False
283,2022-10-10,2022,4,10,October,41,0,Monday,False,2022-10,True,False,False,False,False
284,2022-10-11,2022,4,10,October,41,1,Tuesday,False,2022-10,True,False,False,False,False
285,2022-10-12,2022,4,10,October,41,2,Wednesday,False,2022-10,True,False,False,False,False
286,2022-10-13,2022,4,10,October,41,3,Thursday,False,2022-10,True,False,False,False,False
287,2022-10-14,2022,4,10,October,41,4,Friday,False,2022-10,True,False,False,False,False
288,2022-10-15,2022,4,10,October,41,5,Saturday,True,2022-10,True,False,False,False,False
289,2022-10-16,2022,4,10,October,41,6,Sunday,True,2022-10,True,False,False,False,False
290,2022-10-17,2022,4,10,October,42,0,Monday,False,2022-10,True,False,False,False,False
291,2022-10-18,2022,4,10,October,42,1,Tuesday,False,2022-10,True,False,False,False,False
292,2022-10-19,2022,4,10,October,42,2,Wednesday,False,2022-10,True,False,False,False,False
293,2022-10-20,2022,4,10,October,42,3,Thursday,False,2022-10,True,False,False,False,False
294,2022-10-21,2022,4,10,October,42,4,Friday,False,2022-10,True,False,False,False,False
295,2022-10-22,2022,4,10,October,42,5,Saturday,True,2022-10,True,False,False,False,False
296,2022-10-23,2022,4,10,October,42,6,Sunday,True,2022-10,True,False,False,False,False
297,2022-10-24,2022,4,10,October,43,0,Monday,False,2022-10,True,False,False,False,False
298,2022-10-25,2022,4,10,October,43,1,Tuesday,False,2022-10,True,False,False,False,False
299,2022-10-26,2022,4,10,October,43,2,Wednesday,False,2022-10,True,False,False,False,False
300,2022-10-27,2022,4,10,October,43,3,Thursday,False,2022-10,True,False,False,False,False
301,2022-10-28,2022,4,10,October,43,4,Friday,False,2022-10,True,False,False,False,False
302,2022-10-29,2022,4,10,October,43,5,Saturday,True,2022-10,True,False,False,False,False
303,2022-10-30,2022,4,10,October,43,6,Sunday,True,2022-10,True,False,False,False,False
304,2022-10-31,2022,4,10,October,44,0,Monday,False,2022-10,True,False,False,False,False
305,2022-11-01,2022,4,11,November,44,1,Tuesday,False,2022-11,True,False,False,False,False
306,2022-11-02,2022,4,11,November,44,2,Wednesday,False,2022-11,True,False,False,False,False
307,2022-11-03,2022,4,11,November,44,3,Thursday,False,2022-11,True,False,False,False,False
308,2022-11-04,2022,4,11,November,44,4,Friday,False,2022-11,True,False,False,False,False
309,2022-11-05,2022,4,11,November,44,5,Saturday,True,2022-11,True,False,False,False,False
310,2022-11-06,2022,4,11,November,44,6,Sunday,True,2022-11,True,False,False,False,False
311,2022-11-07,2022,4,11,November,45,0,Monday,False,2022-11,True,False,False,False,False
312,2022-11-08,2022,4,11,November,45,1,Tuesday,False,2022-11,True,False,False,False,False
313,2022-11-09,2022,4,11,November,45,2,Wednesday,False,2022-11,True,False,False,False,False
314,2022-11-10,2022,4,11,November,45,3,Thursday,False,2022-11,True,False,False,False,False
315,2022-11-11,2022,4,11,November,45,4,Friday,False,2022-11,True,False,False,False,False
316,2022-11-12,2022,4,11,November,45,5,Saturday,True,2022-11,True,False,False,False,False
317,2022-11-13,2022,4,11,November,45,6,Sunday,True,2022-11,True,False,False,False,False
318,2022-11-14,2022,4,11,November,46,0,Monday,False,2022-11,True,False,False,False,False
319,2022-11-15,2022,4,11,November,46,1,Tuesday,False,2022-11,True,False,False,False,False
320,2022-11-16,2022,4,11,November,46,2,Wednesday,False,2022-11,True,False,False,False,False
321,2022-11-17,2022,4,11,November,46,3,Thursday,False,2022-11,True,False,False,False,False
322,2022-11-18,2022,4,11,November,46,4,Friday,False,2022-11,True,False,False,False,False
323,2022-11-19,2022,4,11,November,46,5,Saturday,True,2022-11,True,False,False,False,False
324,2022-11-20,2022,4,11,November,46,6,Sunday,True,2022-11,True,False,False,False,False
325,2022-11-21,2022,4,11,November,47,0,Monday,False,2022-11,True,False,False,False,False
326,2022-11-22,2022,4,11,November,47,1,Tuesday,False,2022-11,True,False,False,False,False
327,2022-11-23,2022,4,11,November,47,2,Wednesday,False,2022-11,True,False,False,False,False
328,2022-11-24,2022,4,11,November,47,3,Thursday,False,2022-11,True,False,False,False,False
329,2022-11-25,2022,4,11,November,47,4,Friday,False,2022-11,True,False,False,False,False
330,2022-11-26,2022,4,11,November,47,5,Saturday,True,2022-11,True,False,False,False,False
331,2022-11-27,2022,4,11,November,47,6,Sunday,True,2022-11,True,False,False,False,False
332,2022-11-28,2022,4,11,November,48,0,Monday,False,2022-11,True,False,False,False,False
333,2022-11-29,2022,4,11,November,48,1,Tuesday,False,2022-11,True,False,False,False,False
334,2022-11-30,2022,4,11,November,48,2,Wednesday,False,2022-11,True,False,False,False,False
335,2022-12-01,2022,4,12,December,48,3,Thursday,False,2022-12,True,False,True,False,False
336,2022-12-02,2022,4,12,December,48,4,Friday,False,2022-12,True,False,True,False,False
337,2022-12-03,2022,4,12,December,48,5,Saturday,True,2022-12,True,False,True,False,False
338,2022-12-04,2022,4,12,December,48,6,Sunday,True,2022-12,True,False,True,False,False
339,2022-12-05,2022,4,12,December,49,0,Monday,False,2022-12,True,False,True,False,False
340,2022-12-06,2022,4,12,December,49,1,Tuesday,False,2022-12,True,False,True,False,False
341,2022-12-07,2022,4,12,December,49,2,Wednesday,False,2022-12,True,False,True,False,False
342,2022-12-08,2022,4,12,December,49,3,Thursday,False,2022-12,True,False,True,False,False
343,2022-12-09,2022,4,12,December,49,4,Friday,False,2022-12,True,False,True,False,False
344,2022-12-10,2022,4,12,December,49,5,Saturday,True,2022-12,True,False,True,False,False
345,2022-12-11,2022,4,12,December,49,6,Sunday,True,2022-12,True,False,True,False,False
346,2022-12-12,2022,4,12,December,50,0,Monday,False,2022-12,True,False,True,False,False
347,2022-12-13,2022,4,12,December,50,1,Tuesday,False,2022-12,True,False,True,False,False
348,2022-12-14,2022,4,12,December,50,2,Wednesday,False,2022-12,True,False,True,False,False
349,2022-12-15,2022,4,12,December,50,3,Thursday,False,2022-12,True,False,True,False,False
350,2022-12-16,2022,4,12,December,50,4,Friday,False,2022-12,True,False,True,False,False
351,2022-12-17,2022,4,12,December,50,5,Saturday,True,2022-12,True,False,True,False,False
352,2022-12-18,2022,4,12,December,50,6,Sunday,True,2022-12,True,False,True,False,False
353,2022-12-19,2022,4,12,December,51,0,Monday,False,2022-12,True,False,True,False,False
354,2022-12-20,2022,4,12,December,51,1,Tuesday,False,2022-12,True,False,True,False,False
355,2022-12-21,2022,4,12,December,51,2,Wednesday,False,2022-12,True,False,True,False,False
356,2022-12-22,2022,4,12,December,51,3,Thursday,False,2022-12,True,False,True,False,False
357,2022-12-23,2022,4,12,December,51,4,Friday,False,2022-12,True,False,True,False,False
358,2022-12-24,2022,4,12,December,51,5,Saturday,True,2022-12,True,False,True,False,False
359,2022-12-25,2022,4,12,December,51,6,Sunday,True,2022-12,True,False,True,False,False
360,2022-12-26,2022,4,12,December,52,0,Monday,False,2022-12,True,False,True,False,False
361,2022-12-27,2022,4,12,December,52,1,Tuesday,False,2022-12,True,False,True,False,False
362,2022-12-28,2022,4,12,December,52,2,Wednesday,False,2022-12,True,False,True,False,False
363,2022-12-29,2022,4,12,December,52,3,Thursday,False,2022-12,True,False,True,False,False
364,2022-12-30,2022,4,12,December,52,4,Friday,False,2022-12,True,False,True,False,False
365,2022-12-31,2022,4,12,December,52,5,Saturday,True,2022-12,True,False,True,False,False
366,2023-01-01,2023,1,1,January,52,6,Sunday,True,2023-01,True,True,True,False,False
367,2023-01-02,2023,1,1,January,1,0,Monday,False,2023-01,True,True,True,False,False
368,2023-01-03,2023,1,1,January,1,1,Tuesday,False,2023-01,True,True,True,False,False
369,2023-01-04,2023,1,1,January,1,2,Wednesday,False,2023-01,True,True,True,False,False
370,2023-01-05,2023,1,1,January,1,3,Thursday,False,2023-01,True,True,True,False,False
371,2023-01-06,2023,1,1,January,1,4,Friday,False,2023-01,True,True,True,False,False
372,2023-01-07,2023,1,1,January,1,5,Saturday,True,2023-01,True,True,True,False,False
373,2023-01-08,2023,1,1,January,1,6,Sunday,True,2023-01,True,True,True,False,False
374,2023-01-09,2023,1,1,January,2,0,Monday,False,2023-01,True,True,True,False,False
375,2023-01-10,2023,1,1,January,2,1,Tuesday,False,2023-01,True,True,True,False,False
376,2023-01-11,2023,1,1,January,2,2,Wednesday,False,2023-01,True,True,True,False,False
377,2023-01-12,2023,1,1,January,2,3,Thursday,False,2023-01,True,True,True,False,False
378,2023-01-13,2023,1,1,January,2,4,Friday,False,2023-01,True,True,True,False,False
379,2023-01-14,2023,1,1,January,2,5,Saturday,True,2023-01,True,True,True,False,False
380,2023-01-15,2023,1,1,January,2,6,Sunday,True,2023-01,True,True,True,False,False
381,2023-01-16,2023,1,1,January,3,0,Monday,False,2023-01,True,True,True,False,False
382,2023-01-17,2023,1,1,January,3,1,Tuesday,False,2023-01,True,True,True,False,False
383,2023-01-18,2023,1,1,January,3,2,Wednesday,False,2023-01,True,True,True,False,False
384,2023-01-19,2023,1,1,January,3,3,Thursday,False,2023-01,True,True,True,False,False
385,2023-01-20,2023,1,1,January,3,4,Friday,False,2023-01,True,True,True,False,False
386,2023-01-21,2023,1,1,January,3,5,Saturday,True,2023-01,True,True,True,False,False
387,2023-01-22,2023,1,1,January,3,6,Sunday,True,2023-01,True,True,True,False,False
388,2023-01-23,2023,1,1,January,4,0,Monday,False,2023-01,True,True,True,False,False
389,2023-01-24,2023,1,1,January,4,1,Tuesday,False,2023-01,True,True,True,False,False
390,2023-01-25,2023,1,1,January,4,2,Wednesday,False,2023-01,True,True,True,False,False
391,2023-01-26,2023,1,1,January,4,3,Thursday,False,2023-01,True,True,True,False,False
392,2023-01-27,2023,1,1,January,4,4,Friday,False,2023-01,True,True,True,False,False
393,2023-01-28,2023,1,1,January,4,5,Saturday,True,2023-01,True,True,True,False,False
394,2023-01-29,2023,1,1,January,4,6,Sunday,True,2023-01,True,True,True,False,False
395,2023-01-30,2023,1,1,January,5,0,Monday,False,2023-01,True,True,True,False,False
396,2023-01-31,2023,1,1,January,5,1,Tuesday,False,2023-01,True,True,True,False,False
397,2023-02-01,2023,1,2,February,5,2,Wednesday,False,2023-02,True,True,False,False,False
398,2023-02-02,2023,1,2,February,5,3,Thursday,False,2023-02,True,True,False,False,False
399,2023-02-03,2023,1,2,February,5,4,Friday,False,2023-02,True,True,False,False,False
400,2023-02-04,2023,1,2,February,5,5,Saturday,True,2023-02,True,True,False,False,False
401,2023-02-05,2023,1,2,February,5,6,Sunday,True,2023-02,True,True,False,False,False
402,2023-02-06,2023,1,2,February,6,0,Monday,False,2023-02,True,True,False,False,False
403,2023-02-07,2023,1,2,February,6,1,Tuesday,False,2023-02,True,True,False,False,False
404,2023-02-08,2023,1,2,February,6,2,Wednesday,False,2023-02,True,True,False,False,False
405,2023-02-09,2023,1,2,February,6,3,Thursday,False,2023-02,True,True,False,False,False
406,2023-02-10,2023,1,2,February,6,4,Friday,False,2023-02,True,True,False,False,False
407,2023-02-11,2023,1,2,February,6,5,Saturday,True,2023-02,True,True,False,False,False
408,2023-02-12,2023,1,2,February,6,6,Sunday,True,2023-02,True,True,False,False,False
409,2023-02-13,2023,1,2,February,7,0,Monday,False,2023-02,True,True,False,False,False
410,2023-02-14,2023,1,2,February,7,1,Tuesday,False,2023-02,True,True,False,False,False
411,2023-02-15,2023,1,2,February,7,2,Wednesday,False,2023-02,True,True,False,False,False
412,2023-02-16,2023,1,2,February,7,3,Thursday,False,2023-02,True,True,False,False,False
413,2023-02-17,2023,1,2,February,7,4,Friday,False,2023-02,True,True,False,False,False
414,2023-02-18,2023,1,2,February,7,5,Saturday,True,2023-02,True,True,False,False,False
415,2023-02-19,2023,1,2,February,7,6,Sunday,True,2023-02,True,True,False,False,False
416,2023-02-20,2023,1,2,February,8,0,Monday,False,2023-02,True,True,False,False,False
417,2023-02-21,2023,1,2,February,8,1,Tuesday,False,2023-02,True,True,False,False,False
418,2023-02-22,2023,1,2,February,8,2,Wednesday,False,2023-02,True,True,False,False,False
419,2023-02-23,2023,1,2,February,8,3,Thursday,False,2023-02,True,True,False,False,False
420,2023-02-24,2023,1,2,February,8,4,Friday,False,2023-02,True,True,False,False,False
421,2023-02-25,2023,1,2,February,8,5,Saturday,True,2023-02,True,True,False,False,False
422,2023-02-26,2023,1,2,February,8,6,Sunday,True,2023-02,True,True,False,False,False
423,2023-02-27,2023,1,2,February,9,0,Monday,False,2023-02,True,True,False,False,False
424,2023-02-28,2023,1,2,February,9,1,Tuesday,False,2023-02,True,True,False,False,False
425,2023-03-01,2023,1,3,March,9,2,Wednesday,False,2023-03,True,True,False,True,False
426,2023-03-02,2023,1,3,March,9,3,Thursday,False,2023-03,True,True,False,True,False
427,2023-03-03,2023,1,3,March,9,4,Friday,False,2023-03,True,True,False,True,False
428,2023-03-04,2023,1,3,March,9,5,Saturday,True,2023-03,True,True,False,True,False
429,2023-03-05,2023,1,3,March,9,6,Sunday,True,2023-03,True,True,False,True,False
430,2023-03-06,2023,1,3,March,10,0,Monday,False,2023-03,True,True,False,True,False
431,2023-03-07,2023,1,3,March,10,1,Tuesday,False,2023-03,True,True,False,True,False
432,2023-03-08,2023,1,3,March,10,2,Wednesday,False,2023-03,True,True,False,True,False
433,2023-03-09,2023,1,3,March,10,3,Thursday,False,2023-03,True,True,False,True,False
434,2023-03-10,2023,1,3,March,10,4,Friday,False,2023-03,True,True,False,True,False
435,2023-03-11,2023,1,3,March,10,5,Saturday,True,2023-03,True,True,False,True,False
436,2023-03-12,2023,1,3,March,10,6,Sunday,True,2023-03,True,True,False,True,False
437,2023-03-13,2023,1,3,March,11,0,Monday,False,2023-03,True,True,False,True,False
438,2023-03-14,2023,1,3,March,11,1,Tuesday,False,2023-03,True,True,False,True,False
439,2023-03-15,2023,1,3,March,11,2,Wednesday,False,2023-03,True,True,False,True,False
440,2023-03-16,2023,1,3,March,11,3,Thursday,False,2023-03,True,True,False,True,False
441,2023-03-17,2023,1,3,March,11,4,Friday,False,2023-03,True,True,False,True,False
442,2023-03-18,2023,1,3,March,11,5,Saturday,True,2023-03,True,True,False,True,False
443,2023-03-19,2023,1,3,March,11,6,Sunday,True,2023-03,True,True,False,True,False
444,2023-03-20,2023,1,3,March,12,0,Monday,False,2023-03,True,True,False,True,False
445,2023-03-21,2023,1,3,March,12,1,Tuesday,False,2023-03,True,True,False,True,False
446,2023-03-22,2023,1,3,March,12,2,Wednesday,False,2023-03,True,True,False,True,False
447,2023-03-23,2023,1,3,March,12,3,Thursday,False,2023-03,True,True,False,True,False
448,2023-03-24,2023,1,3,March,12,4,Friday,False,2023-03,True,True,False,True,False
449,2023-03-25,2023,1,3,March,12,5,Saturday,True,2023-03,True,True,False,True,False
450,2023-03-26,2023,1,3,March,12,6,Sunday,True,2023-03,True,True,False,True,False
451,2023-03-27,2023,1,3,March,13,0,Monday,False,2023-03,True,True,False,True,False
452,2023-03-28,2023,1,3,March,13,1,Tuesday,False,2023-03,True,True,False,True,False
453,2023-03-29,2023,1,3,March,13,2,Wednesday,False,2023-03,True,True,False,True,False
454,2023-03-30,2023,1,3,March,13,3,Thursday,False,2023-03,True,True,False,True,False
455,2023-03-31,2023,1,3,March,13,4,Friday,False,2023-03,True,True,False,True,False
456,2023-04-01,2023,2,4,April,13,5,Saturday,True,2023-04,False,False,False,True,True
457,2023-04-02,2023,2,4,April,13,6,Sunday,True,2023-04,False,False,False,True,True
458,2023-04-03,2023,2,4,April,14,0,Monday,False,2023-04,False,False,False,True,True
459,2023-04-04,2023,2,4,April,14,1,Tuesday,False,2023-04,False,False,False,True,True
460,2023-04-05,2023,2,4,April,14,2,Wednesday,False,2023-04,False,False,False,True,True
461,2023-04-06,2023,2,4,April,14,3,Thursday,False,2023-04,False,False,False,True,True
462,2023-04-07,2023,2,4,April,14,4,Friday,False,2023-04,False,False,False,True,True
463,2023-04-08,2023,2,4,April,14,5,Saturday,True,2023-04,False,False,False,True,True
464,2023-04-09,2023,2,4,April,14,6,Sunday,True,2023-04,False,False,False,True,True
465,2023-04-10,2023,2,4,April,15,0,Monday,False,2023-04,False,False,False,True,True
466,2023-04-11,2023,2,4,April,15,1,Tuesday,False,2023-04,False,False,False,True,True
467,2023-04-12,2023,2,4,April,15,2,Wednesday,False,2023-04,False,False,False,True,True
468,2023-04-13,2023,2,4,April,15,3,Thursday,False,2023-04,False,False,False,True,True
469,2023-04-14,2023,2,4,April,15,4,Friday,False,2023-04,False,False,False,True,True
470,2023-04-15,2023,2,4,April,15,5,Saturday,True,2023-04,False,False,False,True,True
471,2023-04-16,2023,2,4,April,15,6,Sunday,True,2023-04,False,False,False,True,True
472,2023-04-17,2023,2,4,April,16,0,Monday,False,2023-04,False,False,False,True,True
473,2023-04-18,2023,2,4,April,16,1,Tuesday,False,2023-04,False,False,False,True,True
474,2023-04-19,2023,2,4,April,16,2,Wednesday,False,2023-04,False,False,False,True,True
475,2023-04-20,2023,2,4,April,16,3,Thursday,False,2023-04,False,False,False,True,True
476,2023-04-21,2023,2,4,April,16,4,Friday,False,2023-04,False,False,False,True,True
477,2023-04-22,2023,2,4,April,16,5,Saturday,True,2023-04,False,False,False,True,True
478,2023-04-23,2023,2,4,April,16,6,Sunday,True,2023-04,False,False,False,True,True
479,2023-04-24,2023,2,4,April,17,0,Monday,False,2023-04,False,False,False,True,True
480,2023-04-25,2023,2,4,April,17,1,Tuesday,False,2023-04,False,False,False,True,True
481,2023-04-26,2023,2,4,April,17,2,Wednesday,False,2023-04,False,False,False,True,True
482,2023-04-27,2023,2,4,April,17,3,Thursday,False,2023-04,False,False,False,True,True
483,2023-04-28,2023,2,4,April,17,4,Friday,False,2023-04,False,False,False,True,True
484,2023-04-29,2023,2,4,April,17,5,Saturday,True,2023-04,False,False,False,True,True
485,2023-04-30,2023,2,4,April,17,6,Sunday,True,2023-04,False,False,False,True,True
486,2023-05-01,2023,2,5,May,18,0,Monday,False,2023-05,False,False,False,False,True
487,2023-05-02,2023,2,5,May,18,1,Tuesday,False,2023-05,False,False,False,False,True
488,2023-05-03,2023,2,5,May,18,2,Wednesday,False,2023-05,False,False,False,False,True
489,2023-05-04,2023,2,5,May,18,3,Thursday,False,2023-05,False,False,False,False,True
490,2023-05-05,2023,2,5,May,18,4,Friday,False,2023-05,False,False,False,False,True
491,2023-05-06,2023,2,5,May,18,5,Saturday,True,2023-05,False,False,False,False,True
492,2023-05-07,2023,2,5,May,18,6,Sunday,True,2023-05,False,False,False,False,True
493,2023-05-08,2023,2,5,May,19,0,Monday,False,2023-05,False,False,False,False,True
494,2023-05-09,2023,2,5,May,19,1,Tuesday,False,2023-05,False,False,False,False,True
495,2023-05-10,2023,2,5,May,19,2,Wednesday,False,2023-05,False,False,False,False,True
496,2023-05-11,2023,2,5,May,19,3,Thursday,False,2023-05,False,False,False,False,True
497,2023-05-12,2023,2,5,May,19,4,Friday,False,2023-05,False,False,False,False,True
498,2023-05-13,2023,2,5,May,19,5,Saturday,True,2023-05,False,False,False,False,True
499,2023-05-14,2023,2,5,May,19,6,Sunday,True,2023-05,False,False,False,False,True
500,2023-05-15,2023,2,5,May,20,0,Monday,False,2023-05,False,False,False,False,True
501,2023-05-16,2023,2,5,May,20,1,Tuesday,False,2023-05,False,False,False,False,True
502,2023-05-17,2023,2,5,May,20,2,Wednesday,False,2023-05,False,False,False,False,True
503,2023-05-18,2023,2,5,May,20,3,Thursday,False,2023-05,False,False,False,False,True
504,2023-05-19,2023,2,5,May,20,4,Friday,False,2023-05,False,False,False,False,True
505,2023-05-20,2023,2,5,May,20,5,Saturday,True,2023-05,False,False,False,False,True
506,2023-05-21,2023,2,5,May,20,6,Sunday,True,2023-05,False,False,False,False,True
507,2023-05-22,2023,2,5,May,21,0,Monday,False,2023-05,False,False,False,False,True
508,2023-05-23,2023,2,5,May,21,1,Tuesday,False,2023-05,False,False,False,False,True
509,2023-05-24,2023,2,5,May,21,2,Wednesday,False,2023-05,False,False,False,False,True
510,2023-05-25,2023,2,5,May,21,3,Thursday,False,2023-05,False,False,False,False,True
511,2023-05-26,2023,2,5,May,21,4,Friday,False,2023-05,False,False,False,False,True
512,2023-05-27,2023,2,5,May,21,5,Saturday,True,2023-05,False,False,False,False,True
513,2023-05-28,2023,2,5,May,21,6,Sunday,True,2023-05,False,False,False,False,True
514,2023-05-29,2023,2,5,May,22,0,Monday,False,2023-05,False,False,False,False,True
515,2023-05-30,2023,2,5,May,22,1,Tuesday,False,2023-05,False,False,False,False,True
516,2023-05-31,2023,2,5,May,22,2,Wednesday,False,2023-05,False,False,False,False,True
517,2023-06-01,2023,2,6,June,22,3,Thursday,False,2023-06,False,False,True,False,False
518,2023-06-02,2023,2,6,June,22,4,Friday,False,2023-06,False,False,True,False,False
519,2023-06-03,2023,2,6,June,22,5,Saturday,True,2023-06,False,False,True,False,False
520,2023-06-04,2023,2,6,June,22,6,Sunday,True,2023-06,False,False,True,False,False
521,2023-06-05,2023,2,6,June,23,0,Monday,False,2023-06,False,False,True,False,False
522,2023-06-06,2023,2,6,June,23,1,Tuesday,False,2023-06,False,False,True,False,False
523,2023-06-07,2023,2,6,June,23,2,Wednesday,False,2023-06,False,False,True,False,False
524,2023-06-08,2023,2,6,June,23,3,Thursday,False,2023-06,False,False,True,False,False
525,2023-06-09,2023,2,6,June,23,4,Friday,False,2023-06,False,False,True,False,False
526,2023-06-10,2023,2,6,June,23,5,Saturday,True,2023-06,False,False,True,False,False
527,2023-06-11,2023,2,6,June,23,6,Sunday,True,2023-06,False,False,True,False,False
528,2023-06-12,2023,2,6,June,24,0,Monday,False,2023-06,False,False,True,False,False
529,2023-06-13,2023,2,6,June,24,1,Tuesday,False,2023-06,False,False,True,False,False
530,2023-06-14,2023,2,6,June,24,2,Wednesday,False,2023-06,False,False,True,False,False
531,2023-06-15,2023,2,6,June,24,3,Thursday,False,2023-06,False,False,True,False,False
532,2023-06-16,2023,2,6,June,24,4,Friday,False,2023-06,False,False,True,False,False
533,2023-06-17,2023,2,6,June,24,5,Saturday,True,2023-06,False,False,True,False,False
534,2023-06-18,2023,2,6,June,24,6,Sunday,True,2023-06,False,False,True,False,False
535,2023-06-19,2023,2,6,June,25,0,Monday,False,2023-06,False,False,True,False,False
536,2023-06-20,2023,2,6,June,25,1,Tuesday,False,2023-06,False,False,True,False,False
537,2023-06-21,2023,2,6,June,25,2,Wednesday,False,2023-06,False,False,True,False,False
538,2023-06-22,2023,2,6,June,25,3,Thursday,False,2023-06,False,False,True,False,False
539,2023-06-23,2023,2,6,June,25,4,Friday,False,2023-06,False,False,True,False,False
540,2023-06-24,2023,2,6,June,25,5,Saturday,True,2023-06,False,False,True,False,False
541,2023-06-25,2023,2,6,June,25,6,Sunday,True,2023-06,False,False,True,False,False
542,2023-06-26,2023,2,6,June,26,0,Monday,False,2023-06,False,False,True,False,False
543,2023-06-27,2023,2,6,June,26,1,Tuesday,False,2023-06,False,False,True,False,False
544,2023-06-28,2023,2,6,June,26,2,Wednesday,False,2023-06,False,False,True,False,False
545,2023-06-29,2023,2,6,June,26,3,Thursday,False,2023-06,False,False,True,False,False
546,2023-06-30,2023,2,6,June,26,4,Friday,False,2023-06,False,False,True,False,False
547,2023-07-01,2023,3,7,July,26,5,Saturday,True,2023-07,False,False,True,False,False
548,2023-07-02,2023,3,7,July,26,6,Sunday,True,2023-07,False,False,True,False,False
549,2023-07-03,2023,3,7,July,27,0,Monday,False,2023-07,False,False,True,False,False
550,2023-07-04,2023,3,7,July,27,1,Tuesday,False,2023-07,False,False,True,False,False
551,2023-07-05,2023,3,7,July,27,2,Wednesday,False,2023-07,False,False,True,False,False
552,2023-07-06,2023,3,7,July,27,3,Thursday,False,2023-07,False,False,True,False,False
553,2023-07-07,2023,3,7,July,27,4,Friday,False,2023-07,False,False,True,False,False
554,2023-07-08,2023,3,7,July,27,5,Saturday,True,2023-07,False,False,True,False,False
555,2023-07-09,2023,3,7,July,27,6,Sunday,True,2023-07,False,False,True,False,False
556,2023-07-10,2023,3,7,July,28,0,Monday,False,2023-07,False,False,True,False,False
557,2023-07-11,2023,3,7,July,28,1,Tuesday,False,2023-07,False,False,True,False,False
558,2023-07-12,2023,3,7,July,28,2,Wednesday,False,2023-07,False,False,True,False,False
559,2023-07-13,2023,3,7,July,28,3,Thursday,False,2023-07,False,False,True,False,False
560,2023-07-14,2023,3,7,July,28,4,Friday,False,2023-07,False,False,True,False,False
561,2023-07-15,2023,3,7,July,28,5,Saturday,True,2023-07,False,False,True,False,False
562,2023-07-16,2023,3,7,July,28,6,Sunday,True,2023-07,False,False,True,False,False
563,2023-07-17,2023,3,7,July,29,0,Monday,False,2023-07,False,False,True,False,False
564,2023-07-18,2023,3,7,July,29,1,Tuesday,False,2023-07,False,False,True,False,False
565,2023-07-19,2023,3,7,July,29,2,Wednesday,False,2023-07,False,False,True,False,False
566,2023-07-20,2023,3,7,July,29,3,Thursday,False,2023-07,False,False,True,False,False
567,2023-07-21,2023,3,7,July,29,4,Friday,False,2023-07,False,False,True,False,False
568,2023-07-22,2023,3,7,July,29,5,Saturday,True,2023-07,False,False,True,False,False
569,2023-07-23,2023,3,7,July,29,6,Sunday,True,2023-07,False,False,True,False,False
570,2023-07-24,2023,3,7,July,30,0,Monday,False,2023-07,False,False,True,False,False
571,2023-07-25,2023,3,7,July,30,1,Tuesday,False,2023-07,False,False,True,False,False
572,2023-07-26,2023,3,7,July,30,2,Wednesday,False,2023-07,False,False,True,False,False
573,2023-07-27,2023,3,7,July,30,3,Thursday,False,2023-07,False,False,True,False,False
574,2023-07-28,2023,3,7,July,30,4,Friday,False,2023-07,False,False,True,False,False
575,2023-07-29,2023,3,7,July,30,5,Saturday,True,2023-07,False,False,True,False,False
576,2023-07-30,2023,3,7,July,30,6,Sunday,True,2023-07,False,False,True,False,False
577,2023-07-31,2023,3,7,July,31,0,Monday,False,2023-07,False,False,True,False,False
578,2023-08-01,2023,3,8,August,31,1,Tuesday,False,2023-08,False,False,False,False,False
579,2023-08-02,2023,3,8,August,31,2,Wednesday,False,2023-08,False,False,False,False,False
580,2023-08-03,2023,3,8,August,31,3,Thursday,False,2023-08,False,False,False,False,False
581,2023-08-04,2023,3,8,August,31,4,Friday,False,2023-08,False,False,False,False,False
582,2023-08-05,2023,3,8,August,31,5,Saturday,True,2023-08,False,False,False,False,False
583,2023-08-06,2023,3,8,August,31,6,Sunday,True,2023-08,False,False,False,False,False
584,2023-08-07,2023,3,8,August,32,0,Monday,False,2023-08,False,False,False,False,False
585,2023-08-08,2023,3,8,August,32,1,Tuesday,False,2023-08,False,False,False,False,False
586,2023-08-09,2023,3,8,August,32,2,Wednesday,False,2023-08,False,False,False,False,False
587,2023-08-10,2023,3,8,August,32,3,Thursday,False,2023-08,False,False,False,False,False
588,2023-08-11,2023,3,8,August,32,4,Friday,False,2023-08,False,False,False,False,False
589,2023-08-12,2023,3,8,August,32,5,Saturday,True,2023-08,False,False,False,False,False
590,2023-08-13,2023,3,8,August,32,6,Sunday,True,2023-08,False,False,False,False,False
591,2023-08-14,2023,3,8,August,33,0,Monday,False,2023-08,False,False,False,False,False
592,2023-08-15,2023,3,8,August,33,1,Tuesday,False,2023-08,False,False,False,False,False
593,2023-08-16,2023,3,8,August,33,2,Wednesday,False,2023-08,False,False,False,False,False
594,2023-08-17,2023,3,8,August,33,3,Thursday,False,2023-08,False,False,False,False,False
595,2023-08-18,2023,3,8,August,33,4,Friday,False,2023-08,False,False,False,False,False
596,2023-08-19,2023,3,8,August,33,5,Saturday,True,2023-08,False,False,False,False,False
597,2023-08-20,2023,3,8,August,33,6,Sunday,True,2023-08,False,False,False,False,False
598,2023-08-21,2023,3,8,August,34,0,Monday,False,2023-08,False,False,False,False,False
599,2023-08-22,2023,3,8,August,34,1,Tuesday,False,2023-08,False,False,False,False,False
600,2023-08-23,2023,3,8,August,34,2,Wednesday,False,2023-08,False,False,False,False,False
601,2023-08-24,2023,3,8,August,34,3,Thursday,False,2023-08,False,False,False,False,False
602,2023-08-25,2023,3,8,August,34,4,Friday,False,2023-08,False,False,False,False,False
603,2023-08-26,2023,3,8,August,34,5,Saturday,True,2023-08,False,False,False,False,False
604,2023-08-27,2023,3,8,August,34,6,Sunday,True,2023-08,False,False,False,False,False
605,2023-08-28,2023,3,8,August,35,0,Monday,False,2023-08,False,False,False,False,False
606,2023-08-29,2023,3,8,August,35,1,Tuesday,False,2023-08,False,False,False,False,False
607,2023-08-30,2023,3,8,August,35,2,Wednesday,False,2023-08,False,False,False,False,False
608,2023-08-31,2023,3,8,August,35,3,Thursday,False,2023-08,False,False,False,False,False
609,2023-09-01,2023,3,9,September,35,4,Friday,False,2023-09,False,False,False,False,False
610,2023-09-02,2023,3,9,September,35,5,Saturday,True,2023-09,False,False,False,False,False
611,2023-09-03,2023,3,9,September,35,6,Sunday,True,2023-09,False,False,False,False,False
612,2023-09-04,2023,3,9,September,36,0,Monday,False,2023-09,False,False,False,False,False
613,2023-09-05,2023,3,9,September,36,1,Tuesday,False,2023-09,False,False,False,False,False
614,2023-09-06,2023,3,9,September,36,2,Wednesday,False,2023-09,False,False,False,False,False
615,2023-09-07,2023,3,9,September,36,3,Thursday,False,2023-09,False,False,False,False,False
616,2023-09-08,2023,3,9,September,36,4,Friday,False,2023-09,False,False,False,False,False
617,2023-09-09,2023,3,9,September,36,5,Saturday,True,2023-09,False,False,False,False,False
618,2023-09-10,2023,3,9,September,36,6,Sunday,True,2023-09,False,False,False,False,False
619,2023-09-11,2023,3,9,September,37,0,Monday,False,2023-09,False,False,False,False,False
620,2023-09-12,2023,3,9,September,37,1,Tuesday,False,2023-09,False,False,False,False,False
621,2023-09-13,2023,3,9,September,37,2,Wednesday,False,2023-09,False,False,False,False,False
622,2023-09-14,2023,3,9,September,37,3,Thursday,False,2023-09,False,False,False,False,False
623,2023-09-15,2023,3,9,September,37,4,Friday,False,2023-09,False,False,False,False,False
624,2023-09-16,2023,3,9,September,37,5,Saturday,True,2023-09,False,False,False,False,False
625,2023-09-17,2023,3,9,September,37,6,Sunday,True,2023-09,False,False,False,False,False
626,2023-09-18,2023,3,9,September,38,0,Monday,False,2023-09,False,False,False,False,False
627,2023-09-19,2023,3,9,September,38,1,Tuesday,False,2023-09,False,False,False,False,False
628,2023-09-20,2023,3,9,September,38,2,Wednesday,False,2023-09,False,False,False,False,False
629,2023-09-21,2023,3,9,September,38,3,Thursday,False,2023-09,False,False,False,False,False
630,2023-09-22,2023,3,9,September,38,4,Friday,False,2023-09,False,False,False,False,False
631,2023-09-23,2023,3,9,September,38,5,Saturday,True,2023-09,False,False,False,False,False
632,2023-09-24,2023,3,9,September,38,6,Sunday,True,2023-09,False,False,False,False,False
633,2023-09-25,2023,3,9,September,39,0,Monday,False,2023-09,False,False,False,False,False
634,2023-09-26,2023,3,9,September,39,1,Tuesday,False,2023-09,False,False,False,False,False
635,2023-09-27,2023,3,9,September,39,2,Wednesday,False,2023-09,False,False,False,False,False
636,2023-09-28,2023,3,9,September,39,3,Thursday,False,2023-09,False,False,False,False,False
637,2023-09-29,2023,3,9,September,39,4,Friday,False,2023-09,False,False,False,False,False
638,2023-09-30,2023,3,9,September,39,5,Saturday,True,2023-09,False,False,False,False,False
639,2023-10-01,2023,4,10,October,39,6,Sunday,True,2023-10,True,False,False,False,False
640,2023-10-02,2023,4,10,October,40,0,Monday,False,2023-10,True,False,False,False,False
641,2023-10-03,2023,4,10,October,40,1,Tuesday,False,2023-10,True,False,False,False,False
642,2023-10-04,2023,4,10,October,40,2,Wednesday,False,2023-10,True,False,False,False,False
643,2023-10-05,2023,4,10,October,40,3,Thursday,False,2023-10,True,False,False,False,False
644,2023-10-06,2023,4,10,October,40,4,Friday,False,2023-10,True,False,False,False,False
645,2023-10-07,2023,4,10,October,40,5,Saturday,True,2023-10,True,False,False,False,False
646,2023-10-08,2023,4,10,October,40,6,Sunday,True,2023-10,True,False,False,False,False
647,2023-10-09,2023,4,10,October,41,0,Monday,False,2023-10,True,False,False,False,False
648,2023-10-10,2023,4,10,October,41,1,Tuesday,False,2023-10,True,False,False,False,False
649,2023-10-11,2023,4,10,October,41,2,Wednesday,False,2023-10,True,False,False,False,False
650,2023-10-12,2023,4,10,October,41,3,Thursday,False,2023-10,True,False,False,False,False
651,2023-10-13,2023,4,10,October,41,4,Friday,False,2023-10,True,False,False,False,False
652,2023-10-14,2023,4,10,October,41,5,Saturday,True,2023-10,True,False,False,False,False
653,2023-10-15,2023,4,10,October,41,6,Sunday,True,2023-10,True,False,False,False,False
654,2023-10-16,2023,4,10,October,42,0,Monday,False,2023-10,True,False,False,False,False
655,2023-10-17,2023,4,10,October,42,1,Tuesday,False,2023-10,True,False,False,False,False
656,2023-10-18,2023,4,10,October,42,2,Wednesday,False,2023-10,True,False,False,False,False
657,2023-10-19,2023,4,10,October,42,3,Thursday,False,2023-10,True,False,False,False,False
658,2023-10-20,2023,4,10,October,42,4,Friday,False,2023-10,True,False,False,False,False
659,2023-10-21,2023,4,10,October,42,5,Saturday,True,2023-10,True,False,False,False,False
660,2023-10-22,2023,4,10,October,42,6,Sunday,True,2023-10,True,False,False,False,False
661,2023-10-23,2023,4,10,October,43,0,Monday,False,2023-10,True,False,False,False,False
662,2023-10-24,2023,4,10,October,43,1,Tuesday,False,2023-10,True,False,False,False,False
663,2023-10-25,2023,4,10,October,43,2,Wednesday,False,2023-10,True,False,False,False,False
664,2023-10-26,2023,4,10,October,43,3,Thursday,False,2023-10,True,False,False,False,False
665,2023-10-27,2023,4,10,October,43,4,Friday,False,2023-10,True,False,False,False,False
666,2023-10-28,2023,4,10,October,43,5,Saturday,True,2023-10,True,False,False,False,False
667,2023-10-29,2023,4,10,October,43,6,Sunday,True,2023-10,True,False,False,False,False
668,2023-10-30,2023,4,10,October,44,0,Monday,False,2023-10,True,False,False,False,False
669,2023-10-31,2023,4,10,October,44,1,Tuesday,False,2023-10,True,False,False,False,False
670,2023-11-01,2023,4,11,November,44,2,Wednesday,False,2023-11,True,False,False,False,False
671,2023-11-02,2023,4,11,November,44,3,Thursday,False,2023-11,True,False,False,False,False
672,2023-11-03,2023,4,11,November,44,4,Friday,False,2023-11,True,False,False,False,False
673,2023-11-04,2023,4,11,November,44,5,Saturday,True,2023-11,True,False,False,False,False
674,2023-11-05,2023,4,11,November,44,6,Sunday,True,2023-11,True,False,False,False,False
675,2023-11-06,2023,4,11,November,45,0,Monday,False,2023-11,True,False,False,False,False
676,2023-11-07,2023,4,11,November,45,1,Tuesday,False,2023-11,True,False,False,False,False
677,2023-11-08,2023,4,11,November,45,2,Wednesday,False,2023-11,True,False,False,False,False
678,2023-11-09,2023,4,11,November,45,3,Thursday,False,2023-11,True,False,False,False,False
679,2023-11-10,2023,4,11,November,45,4,Friday,False,2023-11,True,False,False,False,False
680,2023-11-11,2023,4,11,November,45,5,Saturday,True,2023-11,True,False,False,False,False
681,2023-11-12,2023,4,11,November,45,6,Sunday,True,2023-11,True,False,False,False,False
682,2023-11-13,2023,4,11,November,46,0,Monday,False,2023-11,True,False,False,False,False
683,2023-11-14,2023,4,11,November,46,1,Tuesday,False,2023-11,True,False,False,False,False
684,2023-11-15,2023,4,11,November,46,2,Wednesday,False,2023-11,True,False,False,False,False
685,2023-11-16,2023,4,11,November,46,3,Thursday,False,2023-11,True,False,False,False,False
686,2023-11-17,2023,4,11,November,46,4,Friday,False,2023-11,True,False,False,False,False
687,2023-11-18,2023,4,11,November,46,5,Saturday,True,2023-11,True,False,False,False,False
688,2023-11-19,2023,4,11,November,46,6,Sunday,True,2023-11,True,False,False,False,False
689,2023-11-20,2023,4,11,November,47,0,Monday,False,2023-11,True,False,False,False,False
690,2023-11-21,2023,4,11,November,47,1,Tuesday,False,2023-11,True,False,False,False,False
691,2023-11-22,2023,4,11,November,47,2,Wednesday,False,2023-11,True,False,False,False,False
692,2023-11-23,2023,4,11,November,47,3,Thursday,False,2023-11,True,False,False,False,False
693,2023-11-24,2023,4,11,November,47,4,Friday,False,2023-11,True,False,False,False,False
694,2023-11-25,2023,4,11,November,47,5,Saturday,True,2023-11,True,False,False,False,False
695,2023-11-26,2023,4,11,November,47,6,Sunday,True,2023-11,True,False,False,False,False
696,2023-11-27,2023,4,11,November,48,0,Monday,False,2023-11,True,False,False,False,False
697,2023-11-28,2023,4,11,November,48,1,Tuesday,False,2023-11,True,False,False,False,False
698,2023-11-29,2023,4,11,November,48,2,Wednesday,False,2023-11,True,False,False,False,False
699,2023-11-30,2023,4,11,November,48,3,Thursday,False,2023-11,True,False,False,False,False
700,2023-12-01,2023,4,12,December,48,4,Friday,False,2023-12,True,False,True,False,False
701,2023-12-02,2023,4,12,December,48,5,Saturday,True,2023-12,True,False,True,False,False
702,2023-12-03,2023,4,12,December,48,6,Sunday,True,2023-12,True,False,True,False,False
703,2023-12-04,2023,4,12,December,49,0,Monday,False,2023-12,True,False,True,False,False
704,2023-12-05,2023,4,12,December,49,1,Tuesday,False,2023-12,True,False,True,False,False
705,2023-12-06,2023,4,12,December,49,2,Wednesday,False,2023-12,True,False,True,False,False
706,2023-12-07,2023,4,12,December,49,3,Thursday,False,2023-12,True,False,True,False,False
707,2023-12-08,2023,4,12,December,49,4,Friday,False,2023-12,True,False,True,False,False
708,2023-12-09,2023,4,12,December,49,5,Saturday,True,2023-12,True,False,True,False,False
709,2023-12-10,2023,4,12,December,49,6,Sunday,True,2023-12,True,False,True,False,False
710,2023-12-11,2023,4,12,December,50,0,Monday,False,2023-12,True,False,True,False,False
711,2023-12-12,2023,4,12,December,50,1,Tuesday,False,2023-12,True,False,True,False,False
712,2023-12-13,2023,4,12,December,50,2,Wednesday,False,2023-12,True,False,True,False,False
713,2023-12-14,2023,4,12,December,50,3,Thursday,False,2023-12,True,False,True,False,False
714,2023-12-15,2023,4,12,December,50,4,Friday,False,2023-12,True,False,True,False,False
715,2023-12-16,2023,4,12,December,50,5,Saturday,True,2023-12,True,False,True,False,False
716,2023-12-17,2023,4,12,December,50,6,Sunday,True,2023-12,True,False,True,False,False
717,2023-12-18,2023,4,12,December,51,0,Monday,False,2023-12,True,False,True,False,False
718,2023-12-19,2023,4,12,December,51,1,Tuesday,False,2023-12,True,False,True,False,False
719,2023-12-20,2023,4,12,December,51,2,Wednesday,False,2023-12,True,False,True,False,False
720,2023-12-21,2023,4,12,December,51,3,Thursday,False,2023-12,True,False,True,False,False
721,2023-12-22,2023,4,12,December,51,4,Friday,False,2023-12,True,False,True,False,False
722,2023-12-23,2023,4,12,December,51,5,Saturday,True,2023-12,True,False,True,False,False
723,2023-12-24,2023,4,12,December,51,6,Sunday,True,2023-12,True,False,True,False,False
724,2023-12-25,2023,4,12,December,52,0,Monday,False,2023-12,True,False,True,False,False
725,2023-12-26,2023,4,12,December,52,1,Tuesday,False,2023-12,True,False,True,False,False
726,2023-12-27,2023,4,12,December,52,2,Wednesday,False,2023-12,True,False,True,False,False
727,2023-12-28,2023,4,12,December,52,3,Thursday,False,2023-12,True,False,True,False,False
728,2023-12-29,2023,4,12,December,52,4,Friday,False,2023-12,True,False,True,False,False
729,2023-12-30,2023,4,12,December,52,5,Saturday,True,2023-12,True,False,True,False,False
730,2023-12-31,2023,4,12,December,52,6,Sunday,True,2023-12,True,False,True,False,False
731,2024-01-01,2024,1,1,January,1,0,Monday,False,2024-01,True,True,True,False,False
732,2024-01-02,2024,1,1,January,1,1,Tuesday,False,2024-01,True,True,True,False,False
733,2024-01-03,2024,1,1,January,1,2,Wednesday,False,2024-01,True,True,True,False,False
734,2024-01-04,2024,1,1,January,1,3,Thursday,False,2024-01,True,True,True,False,False
735,2024-01-05,2024,1,1,January,1,4,Friday,False,2024-01,True,True,True,False,False
736,2024-01-06,2024,1,1,January,1,5,Saturday,True,2024-01,True,True,True,False,False
737,2024-01-07,2024,1,1,January,1,6,Sunday,True,2024-01,True,True,True,False,False
738,2024-01-08,2024,1,1,January,2,0,Monday,False,2024-01,True,True,True,False,False
739,2024-01-09,2024,1,1,January,2,1,Tuesday,False,2024-01,True,True,True,False,False
740,2024-01-10,2024,1,1,January,2,2,Wednesday,False,2024-01,True,True,True,False,False
741,2024-01-11,2024,1,1,January,2,3,Thursday,False,2024-01,True,True,True,False,False
742,2024-01-12,2024,1,1,January,2,4,Friday,False,2024-01,True,True,True,False,False
743,2024-01-13,2024,1,1,January,2,5,Saturday,True,2024-01,True,True,True,False,False
744,2024-01-14,2024,1,1,January,2,6,Sunday,True,2024-01,True,True,True,False,False
745,2024-01-15,2024,1,1,January,3,0,Monday,False,2024-01,True,True,True,False,False
746,2024-01-16,2024,1,1,January,3,1,Tuesday,False,2024-01,True,True,True,False,False
747,2024-01-17,2024,1,1,January,3,2,Wednesday,False,2024-01,True,True,True,False,False
748,2024-01-18,2024,1,1,January,3,3,Thursday,False,2024-01,True,True,True,False,False
749,2024-01-19,2024,1,1,January,3,4,Friday,False,2024-01,True,True,True,False,False
750,2024-01-20,2024,1,1,January,3,5,Saturday,True,2024-01,True,True,True,False,False
751,2024-01-21,2024,1,1,January,3,6,Sunday,True,2024-01,True,True,True,False,False
752,2024-01-22,2024,1,1,January,4,0,Monday,False,2024-01,True,True,True,False,False
753,2024-01-23,2024,1,1,January,4,1,Tuesday,False,2024-01,True,True,True,False,False
754,2024-01-24,2024,1,1,January,4,2,Wednesday,False,2024-01,True,True,True,False,False
755,2024-01-25,2024,1,1,January,4,3,Thursday,False,2024-01,True,True,True,False,False
756,2024-01-26,2024,1,1,January,4,4,Friday,False,2024-01,True,True,True,False,False
757,2024-01-27,2024,1,1,January,4,5,Saturday,True,2024-01,True,True,True,False,False
758,2024-01-28,2024,1,1,January,4,6,Sunday,True,2024-01,True,True,True,False,False
759,2024-01-29,2024,1,1,January,5,0,Monday,False,2024-01,True,True,True,False,False
760,2024-01-30,2024,1,1,January,5,1,Tuesday,False,2024-01,True,True,True,False,False
761,2024-01-31,2024,1,1,January,5,2,Wednesday,False,2024-01,True,True,True,False,False
762,2024-02-01,2024,1,2,February,5,3,Thursday,False,2024-02,True,True,False,False,False
763,2024-02-02,2024,1,2,February,5,4,Friday,False,2024-02,True,True,False,False,False
764,2024-02-03,2024,1,2,February,5,5,Saturday,True,2024-02,True,True,False,False,False
765,2024-02-04,2024,1,2,February,5,6,Sunday,True,2024-02,True,True,False,False,False
766,2024-02-05,2024,1,2,February,6,0,Monday,False,2024-02,True,True,False,False,False
767,2024-02-06,2024,1,2,February,6,1,Tuesday,False,2024-02,True,True,False,False,False
768,2024-02-07,2024,1,2,February,6,2,Wednesday,False,2024-02,True,True,False,False,False
769,2024-02-08,2024,1,2,February,6,3,Thursday,False,2024-02,True,True,False,False,False
770,2024-02-09,2024,1,2,February,6,4,Friday,False,2024-02,True,True,False,False,False
771,2024-02-10,2024,1,2,February,6,5,Saturday,True,2024-02,True,True,False,False,False
772,2024-02-11,2024,1,2,February,6,6,Sunday,True,2024-02,True,True,False,False,False
773,2024-02-12,2024,1,2,February,7,0,Monday,False,2024-02,True,True,False,False,False
774,2024-02-13,2024,1,2,February,7,1,Tuesday,False,2024-02,True,True,False,False,False
775,2024-02-14,2024,1,2,February,7,2,Wednesday,False,2024-02,True,True,False,False,False
776,2024-02-15,2024,1,2,February,7,3,Thursday,False,2024-02,True,True,False,False,False
777,2024-02-16,2024,1,2,February,7,4,Friday,False,2024-02,True,True,False,False,False
778,2024-02-17,2024,1,2,February,7,5,Saturday,True,2024-02,True,True,False,False,False
779,2024-02-18,2024,1,2,February,7,6,Sunday,True,2024-02,True,True,False,False,False
780,2024-02-19,2024,1,2,February,8,0,Monday,False,2024-02,True,True,False,False,False
781,2024-02-20,2024,1,2,February,8,1,Tuesday,False,2024-02,True,True,False,False,False
782,2024-02-21,2024,1,2,February,8,2,Wednesday,False,2024-02,True,True,False,False,False
783,2024-02-22,2024,1,2,February,8,3,Thursday,False,2024-02,True,True,False,False,False
784,2024-02-23,2024,1,2,February,8,4,Friday,False,2024-02,True,True,False,False,False
785,2024-02-24,2024,1,2,February,8,5,Saturday,True,2024-02,True,True,False,False,False
786,2024-02-25,2024,1,2,February,8,6,Sunday,True,2024-02,True,True,False,False,False
787,2024-02-26,2024,1,2,February,9,0,Monday,False,2024-02,True,True,False,False,False
788,2024-02-27,2024,1,2,February,9,1,Tuesday,False,2024-02,True,True,False,False,False
789,2024-02-28,2024,1,2,February,9,2,Wednesday,False,2024-02,True,True,False,False,False
790,2024-02-29,2024,1,2,February,9,3,Thursday,False,2024-02,True,True,False,False,False
791,2024-03-01,2024,1,3,March,9,4,Friday,False,2024-03,True,True,False,True,False
792,2024-03-02,2024,1,3,March,9,5,Saturday,True,2024-03,True,True,False,True,False
793,2024-03-03,2024,1,3,March,9,6,Sunday,True,2024-03,True,True,False,True,False
794,2024-03-04,2024,1,3,March,10,0,Monday,False,2024-03,True,True,False,True,False
795,2024-03-05,2024,1,3,March,10,1,Tuesday,False,2024-03,True,True,False,True,False
796,2024-03-06,2024,1,3,March,10,2,Wednesday,False,2024-03,True,True,False,True,False
797,2024-03-07,2024,1,3,March,10,3,Thursday,False,2024-03,True,True,False,True,False
798,2024-03-08,2024,1,3,March,10,4,Friday,False,2024-03,True,True,False,True,False
799,2024-03-09,2024,1,3,March,10,5,Saturday,True,2024-03,True,True,False,True,False
800,2024-03-10,2024,1,3,March,10,6,Sunday,True,2024-03,True,True,False,True,False
801,2024-03-11,2024,1,3,March,11,0,Monday,False,2024-03,True,True,False,True,False
802,2024-03-12,2024,1,3,March,11,1,Tuesday,False,2024-03,True,True,False,True,False
803,2024-03-13,2024,1,3,March,11,2,Wednesday,False,2024-03,True,True,False,True,False
804,2024-03-14,2024,1,3,March,11,3,Thursday,False,2024-03,True,True,False,True,False
805,2024-03-15,2024,1,3,March,11,4,Friday,False,2024-03,True,True,False,True,False
806,2024-03-16,2024,1,3,March,11,5,Saturday,True,2024-03,True,True,False,True,False
807,2024-03-17,2024,1,3,March,11,6,Sunday,True,2024-03,True,True,False,True,False
808,2024-03-18,2024,1,3,March,12,0,Monday,False,2024-03,True,True,False,True,False
809,2024-03-19,2024,1,3,March,12,1,Tuesday,False,2024-03,True,True,False,True,False
810,2024-03-20,2024,1,3,March,12,2,Wednesday,False,2024-03,True,True,False,True,False
811,2024-03-21,2024,1,3,March,12,3,Thursday,False,2024-03,True,True,False,True,False
812,2024-03-22,2024,1,3,March,12,4,Friday,False,2024-03,True,True,False,True,False
813,2024-03-23,2024,1,3,March,12,5,Saturday,True,2024-03,True,True,False,True,False
814,2024-03-24,2024,1,3,March,12,6,Sunday,True,2024-03,True,True,False,True,False
815,2024-03-25,2024,1,3,March,13,0,Monday,False,2024-03,True,True,False,True,False
816,2024-03-26,2024,1,3,March,13,1,Tuesday,False,2024-03,True,True,False,True,False
817,2024-03-27,2024,1,3,March,13,2,Wednesday,False,2024-03,True,True,False,True,False
818,2024-03-28,2024,1,3,March,13,3,Thursday,False,2024-03,True,True,False,True,False
819,2024-03-29,2024,1,3,March,13,4,Friday,False,2024-03,True,True,False,True,False
820,2024-03-30,2024,1,3,March,13,5,Saturday,True,2024-03,True,True,False,True,False
821,2024-03-31,2024,1,3,March,13,6,Sunday,True,2024-03,True,True,False,True,False
822,2024-04-01,2024,2,4,April,14,0,Monday,False,2024-04,False,False,False,False,True
823,2024-04-02,2024,2,4,April,14,1,Tuesday,False,2024-04,False,False,False,False,True
824,2024-04-03,2024,2,4,April,14,2,Wednesday,False,2024-04,False,False,False,False,True
825,2024-04-04,2024,2,4,April,14,3,Thursday,False,2024-04,False,False,False,False,True
826,2024-04-05,2024,2,4,April,14,4,Friday,False,2024-04,False,False,False,False,True
827,2024-04-06,2024,2,4,April,14,5,Saturday,True,2024-04,False,False,False,False,True
828,2024-04-07,2024,2,4,April,14,6,Sunday,True,2024-04,False,False,False,False,True
829,2024-04-08,2024,2,4,April,15,0,Monday,False,2024-04,False,False,False,False,True
830,2024-04-09,2024,2,4,April,15,1,Tuesday,False,2024-04,False,False,False,False,True
831,2024-04-10,2024,2,4,April,15,2,Wednesday,False,2024-04,False,False,False,False,True
832,2024-04-11,2024,2,4,April,15,3,Thursday,False,2024-04,False,False,False,False,True
833,2024-04-12,2024,2,4,April,15,4,Friday,False,2024-04,False,False,False,False,True
834,2024-04-13,2024,2,4,April,15,5,Saturday,True,2024-04,False,False,False,False,True
835,2024-04-14,2024,2,4,April,15,6,Sunday,True,2024-04,False,False,False,False,True
836,2024-04-15,2024,2,4,April,16,0,Monday,False,2024-04,False,False,False,False,True
837,2024-04-16,2024,2,4,April,16,1,Tuesday,False,2024-04,False,False,False,False,True
838,2024-04-17,2024,2,4,April,16,2,Wednesday,False,2024-04,False,False,False,False,True
839,2024-04-18,2024,2,4,April,16,3,Thursday,False,2024-04,False,False,False,False,True
840,2024-04-19,2024,2,4,April,16,4,Friday,False,2024-04,False,False,False,False,True
841,2024-04-20,2024,2,4,April,16,5,Saturday,True,2024-04,False,False,False,False,True
842,2024-04-21,2024,2,4,April,16,6,Sunday,True,2024-04,False,False,False,False,True
843,2024-04-22,2024,2,4,April,17,0,Monday,False,2024-04,False,False,False,False,True
844,2024-04-23,2024,2,4,April,17,1,Tuesday,False,2024-04,False,False,False,False,True
845,2024-04-24,2024,2,4,April,17,2,Wednesday,False,2024-04,False,False,False,False,True
846,2024-04-25,2024,2,4,April,17,3,Thursday,False,2024-04,False,False,False,False,True
847,2024-04-26,2024,2,4,April,17,4,Friday,False,2024-04,False,False,False,False,True
848,2024-04-27,2024,2,4,April,17,5,Saturday,True,2024-04,False,False,False,False,True
849,2024-04-28,2024,2,4,April,17,6,Sunday,True,2024-04,False,False,False,False,True
850,2024-04-29,2024,2,4,April,18,0,Monday,False,2024-04,False,False,False,False,True
851,2024-04-30,2024,2,4,April,18,1,Tuesday,False,2024-04,False,False,False,False,True
852,2024-05-01,2024,2,5,May,18,2,Wednesday,False,2024-05,False,False,False,False,False
853,2024-05-02,2024,2,5,May,18,3,Thursday,False,2024-05,False,False,False,False,False
854,2024-05-03,2024,2,5,May,18,4,Friday,False,2024-05,False,False,False,False,False
855,2024-05-04,2024,2,5,May,18,5,Saturday,True,2024-05,False,False,False,False,False
856,2024-05-05,2024,2,5,May,18,6,Sunday,True,2024-05,False,False,False,False,False
857,2024-05-06,2024,2,5,May,19,0,Monday,False,2024-05,False,False,False,False,False
858,2024-05-07,2024,2,5,May,19,1,Tuesday,False,2024-05,False,False,False,False,False
859,2024-05-08,2024,2,5,May,19,2,Wednesday,False,2024-05,False,False,False,False,False
860,2024-05-09,2024,2,5,May,19,3,Thursday,False,2024-05,False,False,False,False,False
861,2024-05-10,2024,2,5,May,19,4,Friday,False,2024-05,False,False,False,False,False
862,2024-05-11,2024,2,5,May,19,5,Saturday,True,2024-05,False,False,False,False,False
863,2024-05-12,2024,2,5,May,19,6,Sunday,True,2024-05,False,False,False,False,False
864,2024-05-13,2024,2,5,May,20,0,Monday,False,2024-05,False,False,False,False,False
865,2024-05-14,2024,2,5,May,20,1,Tuesday,False,2024-05,False,False,False,False,False
866,2024-05-15,2024,2,5,May,20,2,Wednesday,False,2024-05,False,False,False,False,False
867,2024-05-16,2024,2,5,May,20,3,Thursday,False,2024-05,False,False,False,False,False
868,2024-05-17,2024,2,5,May,20,4,Friday,False,2024-05,False,False,False,False,False
869,2024-05-18,2024,2,5,May,20,5,Saturday,True,2024-05,False,False,False,False,False
870,2024-05-19,2024,2,5,May,20,6,Sunday,True,2024-05,False,False,False,False,False
871,2024-05-20,2024,2,5,May,21,0,Monday,False,2024-05,False,False,False,False,False
872,2024-05-21,2024,2,5,May,21,1,Tuesday,False,2024-05,False,False,False,False,False
873,2024-05-22,2024,2,5,May,21,2,Wednesday,False,2024-05,False,False,False,False,False
874,2024-05-23,2024,2,5,May,21,3,Thursday,False,2024-05,False,False,False,False,False
875,2024-05-24,2024,2,5,May,21,4,Friday,False,2024-05,False,False,False,False,False
876,2024-05-25,2024,2,5,May,21,5,Saturday,True,2024-05,False,False,False,False,False
877,2024-05-26,2024,2,5,May,21,6,Sunday,True,2024-05,False,False,False,False,False
878,2024-05-27,2024,2,5,May,22,0,Monday,False,2024-05,False,False,False,False,False
879,2024-05-28,2024,2,5,May,22,1,Tuesday,False,2024-05,False,False,False,False,False
880,2024-05-29,2024,2,5,May,22,2,Wednesday,False,2024-05,False,False,False,False,False
881,2024-05-30,2024,2,5,May,22,3,Thursday,False,2024-05,False,False,False,False,False
882,2024-05-31,2024,2,5,May,22,4,Friday,False,2024-05,False,False,False,False,False
883,2024-06-01,2024,2,6,June,22,5,Saturday,True,2024-06,False,False,True,False,False
884,2024-06-02,2024,2,6,June,22,6,Sunday,True,2024-06,False,False,True,False,False
885,2024-06-03,2024,2,6,June,23,0,Monday,False,2024-06,False,False,True,False,False
886,2024-06-04,2024,2,6,June,23,1,Tuesday,False,2024-06,False,False,True,False,False
887,2024-06-05,2024,2,6,June,23,2,Wednesday,False,2024-06,False,False,True,False,False
888,2024-06-06,2024,2,6,June,23,3,Thursday,False,2024-06,False,False,True,False,False
889,2024-06-07,2024,2,6,June,23,4,Friday,False,2024-06,False,False,True,False,False
890,2024-06-08,2024,2,6,June,23,5,Saturday,True,2024-06,False,False,True,False,False
891,2024-06-09,2024,2,6,June,23,6,Sunday,True,2024-06,False,False,True,False,False
892,2024-06-10,2024,2,6,June,24,0,Monday,False,2024-06,False,False,True,False,False
893,2024-06-11,2024,2,6,June,24,1,Tuesday,False,2024-06,False,False,True,False,False
894,2024-06-12,2024,2,6,June,24,2,Wednesday,False,2024-06,False,False,True,False,False
895,2024-06-13,2024,2,6,June,24,3,Thursday,False,2024-06,False,False,True,False,False
896,2024-06-14,2024,2,6,June,24,4,Friday,False,2024-06,False,False,True,False,False
897,2024-06-15,2024,2,6,June,24,5,Saturday,True,2024-06,False,False,True,False,False
898,2024-06-16,2024,2,6,June,24,6,Sunday,True,2024-06,False,False,True,False,False
899,2024-06-17,2024,2,6,June,25,0,Monday,False,2024-06,False,False,True,False,False
900,2024-06-18,2024,2,6,June,25,1,Tuesday,False,2024-06,False,False,True,False,False
901,2024-06-19,2024,2,6,June,25,2,Wednesday,False,2024-06,False,False,True,False,False
902,2024-06-20,2024,2,6,June,25,3,Thursday,False,2024-06,False,False,True,False,False
903,2024-06-21,2024,2,6,June,25,4,Friday,False,2024-06,False,False,True,False,False
904,2024-06-22,2024,2,6,June,25,5,Saturday,True,2024-06,False,False,True,False,False
905,2024-06-23,2024,2,6,June,25,6,Sunday,True,2024-06,False,False,True,False,False
906,2024-06-24,2024,2,6,June,26,0,Monday,False,2024-06,False,False,True,False,False
907,2024-06-25,2024,2,6,June,26,1,Tuesday,False,2024-06,False,False,True,False,False
908,2024-06-26,2024,2,6,June,26,2,Wednesday,False,2024-06,False,False,True,False,False
909,2024-06-27,2024,2,6,June,26,3,Thursday,False,2024-06,False,False,True,False,False
910,2024-06-28,2024,2,6,June,26,4,Friday,False,2024-06,False,False,True,False,False
911,2024-06-29,2024,2,6,June,26,5,Saturday,True,2024-06,False,False,True,False,False
912,2024-06-30,2024,2,6,June,26,6,Sunday,True,2024-06,False,False,True,False,False
913,2024-07-01,2024,3,7,July,27,0,Monday,False,2024-07,False,False,True,False,False
914,2024-07-02,2024,3,7,July,27,1,Tuesday,False,2024-07,False,False,True,False,False
915,2024-07-03,2024,3,7,July,27,2,Wednesday,False,2024-07,False,False,True,False,False
916,2024-07-04,2024,3,7,July,27,3,Thursday,False,2024-07,False,False,True,False,False
917,2024-07-05,2024,3,7,July,27,4,Friday,False,2024-07,False,False,True,False,False
918,2024-07-06,2024,3,7,July,27,5,Saturday,True,2024-07,False,False,True,False,False
919,2024-07-07,2024,3,7,July,27,6,Sunday,True,2024-07,False,False,True,False,False
920,2024-07-08,2024,3,7,July,28,0,Monday,False,2024-07,False,False,True,False,False
921,2024-07-09,2024,3,7,July,28,1,Tuesday,False,2024-07,False,False,True,False,False
922,2024-07-10,2024,3,7,July,28,2,Wednesday,False,2024-07,False,False,True,False,False
923,2024-07-11,2024,3,7,July,28,3,Thursday,False,2024-07,False,False,True,False,False
924,2024-07-12,2024,3,7,July,28,4,Friday,False,2024-07,False,False,True,False,False
925,2024-07-13,2024,3,7,July,28,5,Saturday,True,2024-07,False,False,True,False,False
926,2024-07-14,2024,3,7,July,28,6,Sunday,True,2024-07,False,False,True,False,False
927,2024-07-15,2024,3,7,July,29,0,Monday,False,2024-07,False,False,True,False,False
928,2024-07-16,2024,3,7,July,29,1,Tuesday,False,2024-07,False,False,True,False,False
929,2024-07-17,2024,3,7,July,29,2,Wednesday,False,2024-07,False,False,True,False,False
930,2024-07-18,2024,3,7,July,29,3,Thursday,False,2024-07,False,False,True,False,False
931,2024-07-19,2024,3,7,July,29,4,Friday,False,2024-07,False,False,True,False,False
932,2024-07-20,2024,3,7,July,29,5,Saturday,True,2024-07,False,False,True,False,False
933,2024-07-21,2024,3,7,July,29,6,Sunday,True,2024-07,False,False,True,False,False
934,2024-07-22,2024,3,7,July,30,0,Monday,False,2024-07,False,False,True,False,False
935,2024-07-23,2024,3,7,July,30,1,Tuesday,False,2024-07,False,False,True,False,False
936,2024-07-24,2024,3,7,July,30,2,Wednesday,False,2024-07,False,False,True,False,False
937,2024-07-25,2024,3,7,July,30,3,Thursday,False,2024-07,False,False,True,False,False
938,2024-07-26,2024,3,7,July,30,4,Friday,False,2024-07,False,False,True,False,False
939,2024-07-27,2024,3,7,July,30,5,Saturday,True,2024-07,False,False,True,False,False
940,2024-07-28,2024,3,7,July,30,6,Sunday,True,2024-07,False,False,True,False,False
941,2024-07-29,2024,3,7,July,31,0,Monday,False,2024-07,False,False,True,False,False
942,2024-07-30,2024,3,7,July,31,1,Tuesday,False,2024-07,False,False,True,False,False
943,2024-07-31,2024,3,7,July,31,2,Wednesday,False,2024-07,False,False,True,False,False
944,2024-08-01,2024,3,8,August,31,3,Thursday,False,2024-08,False,False,False,False,False
945,2024-08-02,2024,3,8,August,31,4,Friday,False,2024-08,False,False,False,False,False
946,2024-08-03,2024,3,8,August,31,5,Saturday,True,2024-08,False,False,False,False,False
947,2024-08-04,2024,3,8,August,31,6,Sunday,True,2024-08,False,False,False,False,False
948,2024-08-05,2024,3,8,August,32,0,Monday,False,2024-08,False,False,False,False,False
949,2024-08-06,2024,3,8,August,32,1,Tuesday,False,2024-08,False,False,False,False,False
950,2024-08-07,2024,3,8,August,32,2,Wednesday,False,2024-08,False,False,False,False,False
951,2024-08-08,2024,3,8,August,32,3,Thursday,False,2024-08,False,False,False,False,False
952,2024-08-09,2024,3,8,August,32,4,Friday,False,2024-08,False,False,False,False,False
953,2024-08-10,2024,3,8,August,32,5,Saturday,True,2024-08,False,False,False,False,False
954,2024-08-11,2024,3,8,August,32,6,Sunday,True,2024-08,False,False,False,False,False
955,2024-08-12,2024,3,8,August,33,0,Monday,False,2024-08,False,False,False,False,False
956,2024-08-13,2024,3,8,August,33,1,Tuesday,False,2024-08,False,False,False,False,False
957,2024-08-14,2024,3,8,August,33,2,Wednesday,False,2024-08,False,False,False,False,False
958,2024-08-15,2024,3,8,August,33,3,Thursday,False,2024-08,False,False,False,False,False
959,2024-08-16,2024,3,8,August,33,4,Friday,False,2024-08,False,False,False,False,False
960,2024-08-17,2024,3,8,August,33,5,Saturday,True,2024-08,False,False,False,False,False
961,2024-08-18,2024,3,8,August,33,6,Sunday,True,2024-08,False,False,False,False,False
962,2024-08-19,2024,3,8,August,34,0,Monday,False,2024-08,False,False,False,False,False
963,2024-08-20,2024,3,8,August,34,1,Tuesday,False,2024-08,False,False,False,False,False
964,2024-08-21,2024,3,8,August,34,2,Wednesday,False,2024-08,False,False,False,False,False
965,2024-08-22,2024,3,8,August,34,3,Thursday,False,2024-08,False,False,False,False,False
966,2024-08-23,2024,3,8,August,34,4,Friday,False,2024-08,False,False,False,False,False
967,2024-08-24,2024,3,8,August,34,5,Saturday,True,2024-08,False,False,False,False,False
968,2024-08-25,2024,3,8,August,34,6,Sunday,True,2024-08,False,False,False,False,False
969,2024-08-26,2024,3,8,August,35,0,Monday,False,2024-08,False,False,False,False,False
970,2024-08-27,2024,3,8,August,35,1,Tuesday,False,2024-08,False,False,False,False,False
971,2024-08-28,2024,3,8,August,35,2,Wednesday,False,2024-08,False,False,False,False,False
972,2024-08-29,2024,3,8,August,35,3,Thursday,False,2024-08,False,False,False,False,False
973,2024-08-30,2024,3,8,August,35,4,Friday,False,2024-08,False,False,False,False,False
974,2024-08-31,2024,3,8,August,35,5,Saturday,True,2024-08,False,False,False,False,False
975,2024-09-01,2024,3,9,September,35,6,Sunday,True,2024-09,False,False,False,False,False
976,2024-09-02,2024,3,9,September,36,0,Monday,False,2024-09,False,False,False,False,False
977,2024-09-03,2024,3,9,September,36,1,Tuesday,False,2024-09,False,False,False,False,False
978,2024-09-04,2024,3,9,September,36,2,Wednesday,False,2024-09,False,False,False,False,False
979,2024-09-05,2024,3,9,September,36,3,Thursday,False,2024-09,False,False,False,False,False
980,2024-09-06,2024,3,9,September,36,4,Friday,False,2024-09,False,False,False,False,False
981,2024-09-07,2024,3,9,September,36,5,Saturday,True,2024-09,False,False,False,False,False
982,2024-09-08,2024,3,9,September,36,6,Sunday,True,2024-09,False,False,False,False,False
983,2024-09-09,2024,3,9,September,37,0,Monday,False,2024-09,False,False,False,False,False
984,2024-09-10,2024,3,9,September,37,1,Tuesday,False,2024-09,False,False,False,False,False
985,2024-09-11,2024,3,9,September,37,2,Wednesday,False,2024-09,False,False,False,False,False
986,2024-09-12,2024,3,9,September,37,3,Thursday,False,2024-09,False,False,False,False,False
987,2024-09-13,2024,3,9,September,37,4,Friday,False,2024-09,False,False,False,False,False
988,2024-09-14,2024,3,9,September,37,5,Saturday,True,2024-09,False,False,False,False,False
989,2024-09-15,2024,3,9,September,37,6,Sunday,True,2024-09,False,False,False,False,False
990,2024-09-16,2024,3,9,September,38,0,Monday,False,2024-09,False,False,False,False,False
991,2024-09-17,2024,3,9,September,38,1,Tuesday,False,2024-09,False,False,False,False,False
992,2024-09-18,2024,3,9,September,38,2,Wednesday,False,2024-09,False,False,False,False,False
993,2024-09-19,2024,3,9,September,38,3,Thursday,False,2024-09,False,False,False,False,False
994,2024-09-20,2024,3,9,September,38,4,Friday,False,2024-09,False,False,False,False,False
995,2024-09-21,2024,3,9,September,38,5,Saturday,True,2024-09,False,False,False,False,False
996,2024-09-22,2024,3,9,September,38,6,Sunday,True,2024-09,False,False,False,False,False
997,2024-09-23,2024,3,9,September,39,0,Monday,False,2024-09,False,False,False,False,False
998,2024-09-24,2024,3,9,September,39,1,Tuesday,False,2024-09,False,False,False,False,False
999,2024-09-25,2024,3,9,September,39,2,Wednesday,False,2024-09,False,False,False,False,False
1000,2024-09-26,2024,3,9,September,39,3,Thursday,False,2024-09,False,False,False,False,False
1001,2024-09-27,2024,3,9,September,39,4,Friday,False,2024-09,False,False,False,False,False
1002,2024-09-28,2024,3,9,September,39,5,Saturday,True,2024-09,False,False,False,False,False
1003,2024-09-29,2024,3,9,September,39,6,Sunday,True,2024-09,False,False,False,False,False
1004,2024-09-30,2024,3,9,September,40,0,Monday,False,2024-09,False,False,False,False,False
1005,2024-10-01,2024,4,10,October,40,1,Tuesday,False,2024-10,True,False,False,False,False
1006,2024-10-02,2024,4,10,October,40,2,Wednesday,False,2024-10,True,False,False,False,False
1007,2024-10-03,2024,4,10,October,40,3,Thursday,False,2024-10,True,False,False,False,False
1008,2024-10-04,2024,4,10,October,40,4,Friday,False,2024-10,True,False,False,False,False
1009,2024-10-05,2024,4,10,October,40,5,Saturday,True,2024-10,True,False,False,False,False
1010,2024-10-06,2024,4,10,October,40,6,Sunday,True,2024-10,True,False,False,False,False
1011,2024-10-07,2024,4,10,October,41,0,Monday,False,2024-10,True,False,False,False,False
1012,2024-10-08,2024,4,10,October,41,1,Tuesday,False,2024-10,True,False,False,False,False
1013,2024-10-09,2024,4,10,October,41,2,Wednesday,False,2024-10,True,False,False,False,False
1014,2024-10-10,2024,4,10,October,41,3,Thursday,False,2024-10,True,False,False,False,False
1015,2024-10-11,2024,4,10,October,41,4,Friday,False,2024-10,True,False,False,False,False
1016,2024-10-12,2024,4,10,October,41,5,Saturday,True,2024-10,True,False,False,False,False
1017,2024-10-13,2024,4,10,October,41,6,Sunday,True,2024-10,True,False,False,False,False
1018,2024-10-14,2024,4,10,October,42,0,Monday,False,2024-10,True,False,False,False,False
1019,2024-10-15,2024,4,10,October,42,1,Tuesday,False,2024-10,True,False,False,False,False
1020,2024-10-16,2024,4,10,October,42,2,Wednesday,False,2024-10,True,False,False,False,False
1021,2024-10-17,2024,4,10,October,42,3,Thursday,False,2024-10,True,False,False,False,False
1022,2024-10-18,2024,4,10,October,42,4,Friday,False,2024-10,True,False,False,False,False
1023,2024-10-19,2024,4,10,October,42,5,Saturday,True,2024-10,True,False,False,False,False
1024,2024-10-20,2024,4,10,October,42,6,Sunday,True,2024-10,True,False,False,False,False
1025,2024-10-21,2024,4,10,October,43,0,Monday,False,2024-10,True,False,False,False,False
1026,2024-10-22,2024,4,10,October,43,1,Tuesday,False,2024-10,True,False,False,False,False
1027,2024-10-23,2024,4,10,October,43,2,Wednesday,False,2024-10,True,False,False,False,False
1028,2024-10-24,2024,4,10,October,43,3,Thursday,False,2024-10,True,False,False,False,False
1029,2024-10-25,2024,4,10,October,43,4,Friday,False,2024-10,True,False,False,False,False
1030,2024-10-26,2024,4,10,October,43,5,Saturday,True,2024-10,True,False,False,False,False
1031,2024-10-27,2024,4,10,October,43,6,Sunday,True,2024-10,True,False,False,False,False
1032,2024-10-28,2024,4,10,October,44,0,Monday,False,2024-10,True,False,False,False,False
1033,2024-10-29,2024,4,10,October,44,1,Tuesday,False,2024-10,True,False,False,False,False
1034,2024-10-30,2024,4,10,October,44,2,Wednesday,False,2024-10,True,False,False,False,False
1035,2024-10-31,2024,4,10,October,44,3,Thursday,False,2024-10,True,False,False,False,False
1036,2024-11-01,2024,4,11,November,44,4,Friday,False,2024-11,True,False,False,False,False
1037,2024-11-02,2024,4,11,November,44,5,Saturday,True,2024-11,True,False,False,False,False
1038,2024-11-03,2024,4,11,November,44,6,Sunday,True,2024-11,True,False,False,False,False
1039,2024-11-04,2024,4,11,November,45,0,Monday,False,2024-11,True,False,False,False,False
1040,2024-11-05,2024,4,11,November,45,1,Tuesday,False,2024-11,True,False,False,False,False
1041,2024-11-06,2024,4,11,November,45,2,Wednesday,False,2024-11,True,False,False,False,False
1042,2024-11-07,2024,4,11,November,45,3,Thursday,False,2024-11,True,False,False,False,False
1043,2024-11-08,2024,4,11,November,45,4,Friday,False,2024-11,True,False,False,False,False
1044,2024-11-09,2024,4,11,November,45,5,Saturday,True,2024-11,True,False,False,False,False
1045,2024-11-10,2024,4,11,November,45,6,Sunday,True,2024-11,True,False,False,False,False
1046,2024-11-11,2024,4,11,November,46,0,Monday,False,2024-11,True,False,False,False,False
1047,2024-11-12,2024,4,11,November,46,1,Tuesday,False,2024-11,True,False,False,False,False
1048,2024-11-13,2024,4,11,November,46,2,Wednesday,False,2024-11,True,False,False,False,False
1049,2024-11-14,2024,4,11,November,46,3,Thursday,False,2024-11,True,False,False,False,False
1050,2024-11-15,2024,4,11,November,46,4,Friday,False,2024-11,True,False,False,False,False
1051,2024-11-16,2024,4,11,November,46,5,Saturday,True,2024-11,True,False,False,False,False
1052,2024-11-17,2024,4,11,November,46,6,Sunday,True,2024-11,True,False,False,False,False
1053,2024-11-18,2024,4,11,November,47,0,Monday,False,2024-11,True,False,False,False,False
1054,2024-11-19,2024,4,11,November,47,1,Tuesday,False,2024-11,True,False,False,False,False
1055,2024-11-20,2024,4,11,November,47,2,Wednesday,False,2024-11,True,False,False,False,False
1056,2024-11-21,2024,4,11,November,47,3,Thursday,False,2024-11,True,False,False,False,False
1057,2024-11-22,2024,4,11,November,47,4,Friday,False,2024-11,True,False,False,False,False
1058,2024-11-23,2024,4,11,November,47,5,Saturday,True,2024-11,True,False,False,False,False
1059,2024-11-24,2024,4,11,November,47,6,Sunday,True,2024-11,True,False,False,False,False
1060,2024-11-25,2024,4,11,November,48,0,Monday,False,2024-11,True,False,False,False,False
1061,2024-11-26,2024,4,11,November,48,1,Tuesday,False,2024-11,True,False,False,False,False
1062,2024-11-27,2024,4,11,November,48,2,Wednesday,False,2024-11,True,False,False,False,False
1063,2024-11-28,2024,4,11,November,48,3,Thursday,False,2024-11,True,False,False,False,False
1064,2024-11-29,2024,4,11,November,48,4,Friday,False,2024-11,True,False,False,False,False
1065,2024-11-30,2024,4,11,November,48,5,Saturday,True,2024-11,True,False,False,False,False
1066,2024-12-01,2024,4,12,December,48,6,Sunday,True,2024-12,True,False,True,False,False
1067,2024-12-02,2024,4,12,December,49,0,Monday,False,2024-12,True,False,True,False,False
1068,2024-12-03,2024,4,12,December,49,1,Tuesday,False,2024-12,True,False,True,False,False
1069,2024-12-04,2024,4,12,December,49,2,Wednesday,False,2024-12,True,False,True,False,False
1070,2024-12-05,2024,4,12,December,49,3,Thursday,False,2024-12,True,False,True,False,False
1071,2024-12-06,2024,4,12,December,49,4,Friday,False,2024-12,True,False,True,False,False
1072,2024-12-07,2024,4,12,December,49,5,Saturday,True,2024-12,True,False,True,False,False
1073,2024-12-08,2024,4,12,December,49,6,Sunday,True,2024-12,True,False,True,False,False
1074,2024-12-09,2024,4,12,December,50,0,Monday,False,2024-12,True,False,True,False,False
1075,2024-12-10,2024,4,12,December,50,1,Tuesday,False,2024-12,True,False,True,False,False
1076,2024-12-11,2024,4,12,December,50,2,Wednesday,False,2024-12,True,False,True,False,False
1077,2024-12-12,2024,4,12,December,50,3,Thursday,False,2024-12,True,False,True,False,False
1078,2024-12-13,2024,4,12,December,50,4,Friday,False,2024-12,True,False,True,False,False
1079,2024-12-14,2024,4,12,December,50,5,Saturday,True,2024-12,True,False,True,False,False
1080,2024-12-15,2024,4,12,December,50,6,Sunday,True,2024-12,True,False,True,False,False
1081,2024-12-16,2024,4,12,December,51,0,Monday,False,2024-12,True,False,True,False,False
1082,2024-12-17,2024,4,12,December,51,1,Tuesday,False,2024-12,True,False,True,False,False
1083,2024-12-18,2024,4,12,December,51,2,Wednesday,False,2024-12,True,False,True,False,False
1084,2024-12-19,2024,4,12,December,51,3,Thursday,False,2024-12,True,False,True,False,False
1085,2024-12-20,2024,4,12,December,51,4,Friday,False,2024-12,True,False,True,False,False
1086,2024-12-21,2024,4,12,December,51,5,Saturday,True,2024-12,True,False,True,False,False
1087,2024-12-22,2024,4,12,December,51,6,Sunday,True,2024-12,True,False,True,False,False
1088,2024-12-23,2024,4,12,December,52,0,Monday,False,2024-12,True,False,True,False,False
1089,2024-12-24,2024,4,12,December,52,1,Tuesday,False,2024-12,True,False,True,False,False
1090,2024-12-25,2024,4,12,December,52,2,Wednesday,False,2024-12,True,False,True,False,False
1091,2024-12-26,2024,4,12,December,52,3,Thursday,False,2024-12,True,False,True,False,False
1092,2024-12-27,2024,4,12,December,52,4,Friday,False,2024-12,True,False,True,False,False
1093,2024-12-28,2024,4,12,December,52,5,Saturday,True,2024-12,True,False,True,False,False
1094,2024-12-29,2024,4,12,December,52,6,Sunday,True,2024-12,True,False,True,False,False
1095,2024-12-30,2024,4,12,December,1,0,Monday,False,2024-12,True,False,True,False,False
1096,2024-12-31,2024,4,12,December,1,1,Tuesday,False,2024-12,True,False,True,False,False
